-- phpMyAdmin SQL Dump
-- version 4.5.1
-- http://www.phpmyadmin.net
--
-- Host: 127.0.0.1
-- Generation Time: May 11, 2014 at 07:30 AM
-- Server version: 10.1.8-MariaDB
-- PHP Version: 5.6.14

SET SQL_MODE = "NO_AUTO_VALUE_ON_ZERO";
SET time_zone = "+00:00";


/*!40101 SET @OLD_CHARACTER_SET_CLIENT=@@CHARACTER_SET_CLIENT */;
/*!40101 SET @OLD_CHARACTER_SET_RESULTS=@@CHARACTER_SET_RESULTS */;
/*!40101 SET @OLD_COLLATION_CONNECTION=@@COLLATION_CONNECTION */;
/*!40101 SET NAMES utf8mb4 */;

--
-- Database: `echoesbd`
--
CREATE DATABASE IF NOT EXISTS `echoesbd` DEFAULT CHARACTER SET utf8 COLLATE utf8_general_ci;
USE `echoesbd`;

-- --------------------------------------------------------

--
-- Table structure for table `cargos`
--

CREATE TABLE `cargos` (
  `idCargo` int(11) NOT NULL,
  `CargoNome` varchar(60) NOT NULL
) ENGINE=InnoDB DEFAULT CHARSET=utf8;

--
-- Dumping data for table `cargos`
--

INSERT INTO `cargos` (`idCargo`, `CargoNome`) VALUES
(1, 'Administrador');

-- --------------------------------------------------------

--
-- Table structure for table `cidades`
--

CREATE TABLE `cidades` (
  `idCidade` int(11) NOT NULL,
  `CidadeNome` varchar(255) NOT NULL,
  `Estados_idEstado` int(11) NOT NULL
) ENGINE=InnoDB DEFAULT CHARSET=utf8;

--
-- Dumping data for table `cidades`
--

INSERT INTO `cidades` (`idCidade`, `CidadeNome`, `Estados_idEstado`) VALUES
(1, 'Acrelandia', 1),
(2, 'Assis Brasil', 1),
(3, 'Brasileia', 1),
(4, 'Bujari', 1),
(5, 'Capixaba', 1),
(6, 'Cruzeiro do Sul', 1),
(7, 'Epitaciolandia', 1),
(8, 'Feijo', 1),
(9, 'Jordao', 1),
(10, 'Mancio Lima', 1),
(11, 'Manoel Urbano', 1),
(12, 'Marechal Thaumaturgo', 1),
(13, 'Placido de Castro', 1),
(14, 'Porto Acre', 1),
(15, 'Porto Walter', 1),
(16, 'Rio Branco', 1),
(17, 'Rodrigues Alves', 1),
(18, 'Santa Rosa', 1),
(19, 'Sena Madureira', 1),
(20, 'Senador Guiomard', 1),
(21, 'Tarauaca', 1),
(22, 'Xapuri', 1),
(23, 'Agua Branca', 2),
(24, 'Alazao', 2),
(25, 'Alecrim', 2),
(26, 'Anadia', 2),
(27, 'Anel', 2),
(28, 'Anum Novo', 2),
(29, 'Anum Velho', 2),
(30, 'Arapiraca', 2),
(31, 'Atalaia', 2),
(32, 'Baixa da Onca', 2),
(33, 'Baixa do Capim', 2),
(34, 'Balsamo', 2),
(35, 'Bananeiras', 2),
(36, 'Barra de Santo Antonio', 2),
(37, 'Barra de Sao Miguel', 2),
(38, 'Barra do Bonifacio', 2),
(39, 'Barra Grande', 2),
(40, 'Batalha', 2),
(41, 'Batingas', 2),
(42, 'Belem', 2),
(43, 'Belo Monte', 2),
(44, 'Boa Sorte', 2),
(45, 'Boa Vista', 2),
(46, 'Boca da Mata', 2),
(47, 'Bom Jardim', 2),
(48, 'Bonifacio', 2),
(49, 'Branquinha', 2),
(50, 'Cacimbinhas', 2),
(51, 'Cajarana', 2),
(52, 'Cajueiro', 2),
(53, 'Caldeiroes de Cima', 2),
(54, 'Camadanta', 2),
(55, 'Campestre', 2),
(56, 'Campo Alegre', 2),
(57, 'Campo Grande', 2),
(58, 'Canaa', 2),
(59, 'Canafistula', 2),
(60, 'Canapi', 2),
(61, 'Canastra', 2),
(62, 'Cangandu', 2),
(63, 'Capela', 2),
(64, 'Carneiros', 2),
(65, 'Carrasco', 2),
(66, 'Cha Preta', 2),
(67, 'Coite do Noia', 2),
(68, 'Colonia Leopoldina', 2),
(69, 'Coqueiro Seco', 2),
(70, 'Coruripe', 2),
(71, 'Coruripe da Cal', 2),
(72, 'Craibas', 2),
(73, 'Delmiro Gouveia', 2),
(74, 'Dois Riachos', 2),
(75, 'Entremontes', 2),
(76, 'Estrela de Alagoas', 2),
(77, 'Feira Grande', 2),
(78, 'Feliz Deserto', 2),
(79, 'Fernao Velho', 2),
(80, 'Flexeiras', 2),
(81, 'Floriano Peixoto', 2),
(82, 'Gaspar', 2),
(83, 'Girau do Ponciano', 2),
(84, 'Ibateguara', 2),
(85, 'Igaci', 2),
(86, 'Igreja Nova', 2),
(87, 'Inhapi', 2),
(88, 'Jacare dos Homens', 2),
(89, 'Jacuipe', 2),
(90, 'Japaratinga', 2),
(91, 'Jaramataia', 2),
(92, 'Jenipapo', 2),
(93, 'Joaquim Gomes', 2),
(94, 'Jundia', 2),
(95, 'Junqueiro', 2),
(96, 'Lagoa da Areia', 2),
(97, 'Lagoa da Canoa', 2),
(98, 'Lagoa da Pedra', 2),
(99, 'Lagoa Dantas', 2),
(100, 'Lagoa do Caldeirao', 2),
(101, 'Lagoa do Canto', 2),
(102, 'Lagoa do Exu', 2),
(103, 'Lagoa do Rancho', 2),
(104, 'Lajes do Caldeirao', 2),
(105, 'Laranjal', 2),
(106, 'Limoeiro de Anadia', 2),
(107, 'Maceio', 2),
(108, 'Major Isidoro', 2),
(109, 'Mar Vermelho', 2),
(110, 'Maragogi', 2),
(111, 'Maravilha', 2),
(112, 'Marechal Deodoro', 2),
(113, 'Maribondo', 2),
(114, 'Massaranduba', 2),
(115, 'Mata Grande', 2),
(116, 'Matriz de Camaragibe', 2),
(117, 'Messias', 2),
(118, 'Minador do Negrao', 2),
(119, 'Monteiropolis', 2),
(120, 'Moreira', 2),
(121, 'Munguba', 2),
(122, 'Murici', 2),
(123, 'Novo Lino', 2),
(124, 'Olho D Agua Grande', 2),
(125, 'Olho D''agua Das Flores', 2),
(126, 'Olho D''agua De Cima', 2),
(127, 'Olho D''agua Do Casado', 2),
(128, 'Olho D''agua Dos Dandanhas', 2),
(129, 'Olivenca', 2),
(130, 'Ouro Branco', 2),
(131, 'Palestina', 2),
(132, 'Palmeira de Fora', 2),
(133, 'Palmeira dos Indios', 2),
(134, 'Pao de Acucar', 2),
(135, 'Pariconha', 2),
(136, 'Paripueira', 2),
(137, 'Passo de Camaragibe', 2),
(138, 'Pau D''arco', 2),
(139, 'Pau Ferro', 2),
(140, 'Paulo Jacinto', 2),
(141, 'Penedo', 2),
(142, 'Piacabucu', 2),
(143, 'Pilar', 2),
(144, 'Pindoba', 2),
(145, 'Piranhas', 2),
(146, 'Pocao', 2),
(147, 'Poco da Pedra', 2),
(148, 'Poco das Trincheiras', 2),
(149, 'Porto Calvo', 2),
(150, 'Porto de Pedras', 2),
(151, 'Porto Real do Colegio', 2),
(152, 'Poxim', 2),
(153, 'Quebrangulo', 2),
(154, 'Riacho do Sertao', 2),
(155, 'Riacho Fundo de Cima', 2),
(156, 'Rio Largo', 2),
(157, 'Rocha Cavalcante', 2),
(158, 'Roteiro', 2),
(159, 'Santa Efigenia', 2),
(160, 'Santa Luzia do Norte', 2),
(161, 'Santana do Ipanema', 2),
(162, 'Santana do Mundau', 2),
(163, 'Santo Antonio', 2),
(164, 'Sao Bras', 2),
(165, 'Sao Jose da Laje', 2),
(166, 'Sao Jose da Tapera', 2),
(167, 'Sao Luis do Quitunde', 2),
(168, 'Sao Miguel dos Campos', 2),
(169, 'Sao Miguel dos Milagres', 2),
(170, 'Sao Sebastiao', 2),
(171, 'Sapucaia', 2),
(172, 'Satuba', 2),
(173, 'Senador Rui Palmeira', 2),
(174, 'Serra da Mandioca', 2),
(175, 'Serra do Sao Jose', 2),
(176, 'Taboleiro do Pinto', 2),
(177, 'Taboquinha', 2),
(178, 'Tanque D''arca', 2),
(179, 'Taquarana', 2),
(180, 'Tatuamunha', 2),
(181, 'Teotonio Vilela', 2),
(182, 'Traipu', 2),
(183, 'Uniao dos Palmares', 2),
(184, 'Usina Camacari', 2),
(185, 'Vicosa', 2),
(186, 'Vila Aparecida', 2),
(187, 'Vila Sao Francisco', 2),
(188, 'Alvaraes', 3),
(189, 'Amatari', 3),
(190, 'Amatura', 3),
(191, 'Anama', 3),
(192, 'Anori', 3),
(193, 'Apui', 3),
(194, 'Ariau', 3),
(195, 'Atalaia do Norte', 3),
(196, 'Augusto Montenegro', 3),
(197, 'Autazes', 3),
(198, 'Axinim', 3),
(199, 'Badajos', 3),
(200, 'Balbina', 3),
(201, 'Barcelos', 3),
(202, 'Barreirinha', 3),
(203, 'Benjamin Constant', 3),
(204, 'Beruri', 3),
(205, 'Boa Vista do Ramos', 3),
(206, 'Boca do Acre', 3),
(207, 'Borba', 3),
(208, 'Caapiranga', 3),
(209, 'Cameta', 3),
(210, 'Canuma', 3),
(211, 'Canutama', 3),
(212, 'Carauari', 3),
(213, 'Careiro', 3),
(214, 'Careiro da Varzea', 3),
(215, 'Carvoeiro', 3),
(216, 'Coari', 3),
(217, 'Codajas', 3),
(218, 'Cucui', 3),
(219, 'Eirunepe', 3),
(220, 'Envira', 3),
(221, 'Floriano Peixoto', 3),
(222, 'Fonte Boa', 3),
(223, 'Freguesia do Andira', 3),
(224, 'Guajara', 3),
(225, 'Humaita', 3),
(226, 'Iauarete', 3),
(227, 'Icana', 3),
(228, 'Ipixuna', 3),
(229, 'Iranduba', 3),
(230, 'Itacoatiara', 3),
(231, 'Itamarati', 3),
(232, 'Itapiranga', 3),
(233, 'Japura', 3),
(234, 'Jurua', 3),
(235, 'Jutai', 3),
(236, 'Labrea', 3),
(237, 'Lago Preto', 3),
(238, 'Manacapuru', 3),
(239, 'Manaquiri', 3),
(240, 'Manaus', 3),
(241, 'Manicore', 3),
(242, 'Maraa', 3),
(243, 'Massauari', 3),
(244, 'Maues', 3),
(245, 'Mocambo', 3),
(246, 'Moura', 3),
(247, 'Murutinga', 3),
(248, 'Nhamunda', 3),
(249, 'Nova Olinda do Norte', 3),
(250, 'Novo Airao', 3),
(251, 'Novo Aripuana', 3),
(252, 'Osorio da Fonseca', 3),
(253, 'Parintins', 3),
(254, 'Pauini', 3),
(255, 'Pedras', 3),
(256, 'Presidente Figueiredo', 3),
(257, 'Repartimento', 3),
(258, 'Rio Preto da Eva', 3),
(259, 'Santa Isabel do Rio Negro', 3),
(260, 'Santa Rita', 3),
(261, 'Santo Antonio do Ica', 3),
(262, 'Sao Felipe', 3),
(263, 'Sao Gabriel da Cachoeira', 3),
(264, 'Sao Paulo de Olivenca', 3),
(265, 'Sao Sebastiao do Uatuma', 3),
(266, 'Silves', 3),
(267, 'Tabatinga', 3),
(268, 'Tapaua', 3),
(269, 'Tefe', 3),
(270, 'Tonantins', 3),
(271, 'Uarini', 3),
(272, 'Urucara', 3),
(273, 'Urucurituba', 3),
(274, 'Vila Pitinga', 3),
(275, 'Abacate da Pedreira', 4),
(276, 'Agua Branca do Amapari', 4),
(277, 'Amapa', 4),
(278, 'Amapari', 4),
(279, 'Ambe', 4),
(280, 'Aporema', 4),
(281, 'Ariri', 4),
(282, 'Bailique', 4),
(283, 'Boca do Jari', 4),
(284, 'Calcoene', 4),
(285, 'Cantanzal', 4),
(286, 'Carmo', 4),
(287, 'Clevelandia do Norte', 4),
(288, 'Corre Agua', 4),
(289, 'Cunani', 4),
(290, 'Curiau', 4),
(291, 'Cutias', 4),
(292, 'Fazendinha', 4),
(293, 'Ferreira Gomes', 4),
(294, 'Fortaleza', 4),
(295, 'Gaivota', 4),
(296, 'Gurupora', 4),
(297, 'Igarape do Lago', 4),
(298, 'Ilha de Santana', 4),
(299, 'Inaja', 4),
(300, 'Itaubal', 4),
(301, 'Laranjal do Jari', 4),
(302, 'Livramento do Pacui', 4),
(303, 'Lourenco', 4),
(304, 'Macapa', 4),
(305, 'Mazagao', 4),
(306, 'Mazagao Velho', 4),
(307, 'Oiapoque', 4),
(308, 'Paredao', 4),
(309, 'Porto Grande', 4),
(310, 'Pracuuba', 4),
(311, 'Santa Luzia do Pacui', 4),
(312, 'Santa Maria', 4),
(313, 'Santana', 4),
(314, 'Sao Joaquim do Pacui', 4),
(315, 'Sao Sebastiao do Livramento', 4),
(316, 'Sao Tome', 4),
(317, 'Serra do Navio', 4),
(318, 'Sucuriju', 4),
(319, 'Tartarugalzinho', 4),
(320, 'Vila Velha', 4),
(321, 'Vitoria do Jari', 4),
(322, 'Abadia', 5),
(323, 'Abaira', 5),
(324, 'Abare', 5),
(325, 'Abelhas', 5),
(326, 'Abobora', 5),
(327, 'Abrantes', 5),
(328, 'Acajutiba', 5),
(329, 'Acu da Torre', 5),
(330, 'Acudina', 5),
(331, 'Acupe', 5),
(332, 'Adustina', 5),
(333, 'Afligidos', 5),
(334, 'Afranio Peixoto', 5),
(335, 'Agua Doce', 5),
(336, 'Agua Fria', 5),
(337, 'Aguas do Paulista', 5),
(338, 'Aiquara', 5),
(339, 'Alagoinhas', 5),
(340, 'Alcobaca', 5),
(341, 'Alegre', 5),
(342, 'Algodao', 5),
(343, 'Algodoes', 5),
(344, 'Almadina', 5),
(345, 'Alto Bonito', 5),
(346, 'Amado Bahia', 5),
(347, 'Amaniu', 5),
(348, 'Amargosa', 5),
(349, 'Amelia Rodrigues', 5),
(350, 'America Dourada', 5),
(351, 'Americo Alves', 5),
(352, 'Anage', 5),
(353, 'Andarai', 5),
(354, 'Andorinha', 5),
(355, 'Angical', 5),
(356, 'Angico', 5),
(357, 'Anguera', 5),
(358, 'Antas', 5),
(359, 'Antonio Cardoso', 5),
(360, 'Antonio Goncalves', 5),
(361, 'Apora', 5),
(362, 'Apuarema', 5),
(363, 'Aracas', 5),
(364, 'Aracatu', 5),
(365, 'Araci', 5),
(366, 'Aramari', 5),
(367, 'Arapiranga', 5),
(368, 'Arataca', 5),
(369, 'Aratuipe', 5),
(370, 'Areias', 5),
(371, 'Arembepe', 5),
(372, 'Argoim', 5),
(373, 'Argolo', 5),
(374, 'Aribice', 5),
(375, 'Aritagua', 5),
(376, 'Aurelino Leal', 5),
(377, 'Baianopolis', 5),
(378, 'Baixa do Palmeira', 5),
(379, 'Baixa Grande', 5),
(380, 'Baixao', 5),
(381, 'Baixinha', 5),
(382, 'Baluarte', 5),
(383, 'Banco Central', 5),
(384, 'Banco da Vitoria', 5),
(385, 'Bandeira do Almada', 5),
(386, 'Bandeira do Colonia', 5),
(387, 'Bandiacu', 5),
(388, 'Banzae', 5),
(389, 'Baraunas', 5),
(390, 'Barcelos do Sul', 5),
(391, 'Barra', 5),
(392, 'Barra da Estiva', 5),
(393, 'Barra do Choca', 5),
(394, 'Barra do Jacuipe', 5),
(395, 'Barra do Mendes', 5),
(396, 'Barra do Pojuca', 5),
(397, 'Barra do Rocha', 5),
(398, 'Barra do Tarrachil', 5),
(399, 'Barracas', 5),
(400, 'Barreiras', 5),
(401, 'Barro Alto', 5),
(402, 'Barro Preto', 5),
(403, 'Barro Vermelho', 5),
(404, 'Barrocas', 5),
(405, 'Bastiao', 5),
(406, 'Bate Pe', 5),
(407, 'Batinga', 5),
(408, 'Bela Flor', 5),
(409, 'Belem da Cachoeira', 5),
(410, 'Belmonte', 5),
(411, 'Belo Campo', 5),
(412, 'Bem-bom', 5),
(413, 'Bendego', 5),
(414, 'Bento Simoes', 5),
(415, 'Biritinga', 5),
(416, 'Boa Espera', 5),
(417, 'Boa Nova', 5),
(418, 'Boa Uniao', 5),
(419, 'Boa Vista do Lagamar', 5),
(420, 'Boa Vista do Tupim', 5),
(421, 'Boacu', 5),
(422, 'Boca do Corrego', 5),
(423, 'Bom Jesus da Lapa', 5),
(424, 'Bom Jesus da Serra', 5),
(425, 'Bom Sossego', 5),
(426, 'Bonfim da Feira', 5),
(427, 'Boninal', 5),
(428, 'Bonito', 5),
(429, 'Boquira', 5),
(430, 'Botupora', 5),
(431, 'Botuquara', 5),
(432, 'Brejinho das Ametistas', 5),
(433, 'Brejo da Serra', 5),
(434, 'Brejo Luiza de Brito', 5),
(435, 'Brejo Novo', 5),
(436, 'Brejoes', 5),
(437, 'Brejolandia', 5),
(438, 'Brotas de Macaubas', 5),
(439, 'Brumado', 5),
(440, 'Bucuituba', 5),
(441, 'Buerarema', 5),
(442, 'Buracica', 5),
(443, 'Buranhem', 5),
(444, 'Buril', 5),
(445, 'Buris de Abrantes', 5),
(446, 'Buritirama', 5),
(447, 'Caatiba', 5),
(448, 'Cabaceiras do Paraguacu', 5),
(449, 'Cabralia', 5),
(450, 'Cacha Pregos', 5),
(451, 'Cachoeira', 5),
(452, 'Cachoeira do Mato', 5),
(453, 'Cacule', 5),
(454, 'Caem', 5),
(455, 'Caetanos', 5),
(456, 'Caete-acu', 5),
(457, 'Caetite', 5),
(458, 'Cafarnaum', 5),
(459, 'Caicara', 5),
(460, 'Caimbe', 5),
(461, 'Cairu', 5),
(462, 'Caiubi', 5),
(463, 'Cajui', 5),
(464, 'Caldas do Jorro', 5),
(465, 'Caldeirao', 5),
(466, 'Caldeirao Grande', 5),
(467, 'Caldeiras', 5),
(468, 'Camacan', 5),
(469, 'Camacari', 5),
(470, 'Camamu', 5),
(471, 'Camassandi', 5),
(472, 'Camirim', 5),
(473, 'Campinhos', 5),
(474, 'Campo Alegre de Lourdes', 5),
(475, 'Campo Formoso', 5),
(476, 'Camurugi', 5),
(477, 'Canabravinha', 5),
(478, 'Canapolis', 5),
(479, 'Canarana', 5),
(480, 'Canatiba', 5),
(481, 'Canavieiras', 5),
(482, 'Canche', 5),
(483, 'Candeal', 5),
(484, 'Candeias', 5),
(485, 'Candiba', 5),
(486, 'Candido Sales', 5),
(487, 'Canoao', 5),
(488, 'Cansancao', 5),
(489, 'Canto do Sol', 5),
(490, 'Canudos', 5),
(491, 'Capao', 5),
(492, 'Capela do Alto Alegre', 5),
(493, 'Capim Grosso', 5),
(494, 'Caraguatai', 5),
(495, 'Caraibas', 5),
(496, 'Caraibuna', 5),
(497, 'Caraipe', 5),
(498, 'Caraiva', 5),
(499, 'Caravelas', 5),
(500, 'Cardeal da Silva', 5),
(501, 'Carinhanha', 5),
(502, 'Caripare', 5),
(503, 'Carnaiba do Sertao', 5),
(504, 'Carrapichel', 5),
(505, 'Casa Nova', 5),
(506, 'Castelo Novo', 5),
(507, 'Castro Alves', 5),
(508, 'Catinga do Moura', 5),
(509, 'Catingal', 5),
(510, 'Catolandia', 5),
(511, 'Catoles', 5),
(512, 'Catolezinho', 5),
(513, 'Catu', 5),
(514, 'Catu de Abrantes', 5),
(515, 'Caturama', 5),
(516, 'Cavunge', 5),
(517, 'Central', 5),
(518, 'Ceraima', 5),
(519, 'Chorrocho', 5),
(520, 'Cicero Dantas', 5),
(521, 'Cinco Rios', 5),
(522, 'Cipo', 5),
(523, 'Coaraci', 5),
(524, 'Cocos', 5),
(525, 'Colonia', 5),
(526, 'Comercio', 5),
(527, 'Conceicao da Feira', 5),
(528, 'Conceicao do Almeida', 5),
(529, 'Conceicao do Coite', 5),
(530, 'Conceicao do Jacuipe', 5),
(531, 'Conde', 5),
(532, 'Condeuba', 5),
(533, 'Contendas do Sincora', 5),
(534, 'Copixaba', 5),
(535, 'Coqueiros', 5),
(536, 'Coquinhos', 5),
(537, 'Coracao de Maria', 5),
(538, 'Cordeiros', 5),
(539, 'Coribe', 5),
(540, 'Coronel Joao Sa', 5),
(541, 'Correntina', 5),
(542, 'Corta Mao', 5),
(543, 'Cotegipe', 5),
(544, 'Coutos', 5),
(545, 'Cravolandia', 5),
(546, 'Crisopolis', 5),
(547, 'Cristalandia', 5),
(548, 'Cristopolis', 5),
(549, 'Crussai', 5),
(550, 'Cruz das Almas', 5),
(551, 'Cumuruxatiba', 5),
(552, 'Cunhangi', 5),
(553, 'Curaca', 5),
(554, 'Curral Falso', 5),
(555, 'Dario Meira', 5),
(556, 'Delfino', 5),
(557, 'Descoberto', 5),
(558, 'Dias Coelho', 5),
(559, 'Dias D Avila', 5),
(560, 'Diogenes Sampaio', 5),
(561, 'Dom Basilio', 5),
(562, 'Dom Macedo Costa', 5),
(563, 'Dona Maria', 5),
(564, 'Duas Barras do Morro', 5),
(565, 'Elisio Medrado', 5),
(566, 'Encruzilhada', 5),
(567, 'Engenheiro Franca', 5),
(568, 'Engenheiro Pontes', 5),
(569, 'Entre Rios', 5),
(570, 'Erico Cardoso', 5),
(571, 'Esplanada', 5),
(572, 'Euclides da Cunha', 5),
(573, 'Eunapolis', 5),
(574, 'Fatima', 5),
(575, 'Feira da Mata', 5),
(576, 'Feira de Santana', 5),
(577, 'Ferradas', 5),
(578, 'Filadelfia', 5),
(579, 'Filanesia', 5),
(580, 'Firmino Alves', 5),
(581, 'Floresta Azul', 5),
(582, 'Formosa do Rio Preto', 5),
(583, 'Franca', 5),
(584, 'Gabiarra', 5),
(585, 'Galeao', 5),
(586, 'Gamboa', 5),
(587, 'Gameleira da Lapa', 5),
(588, 'Gameleira do Assurua', 5),
(589, 'Gandu', 5),
(590, 'Gaviao', 5),
(591, 'Gentio do Ouro', 5),
(592, 'Geolandia', 5),
(593, 'Gloria', 5),
(594, 'Gongogi', 5),
(595, 'Governador Joao Durval Carneiro', 5),
(596, 'Governador Mangabeira', 5),
(597, 'Guagirus', 5),
(598, 'Guai', 5),
(599, 'Guajeru', 5),
(600, 'Guanambi', 5),
(601, 'Guapira', 5),
(602, 'Guarajuba', 5),
(603, 'Guaratinga', 5),
(604, 'Guerem', 5),
(605, 'Guine', 5),
(606, 'Guirapa', 5),
(607, 'Gurupa Mirim', 5),
(608, 'Heliopolis', 5),
(609, 'Helvecia', 5),
(610, 'Hidrolandia', 5),
(611, 'Humildes', 5),
(612, 'Iacu', 5),
(613, 'Ibatui', 5),
(614, 'Ibiacu', 5),
(615, 'Ibiajara', 5),
(616, 'Ibiapora', 5),
(617, 'Ibiassuce', 5),
(618, 'Ibicarai', 5),
(619, 'Ibicoara', 5),
(620, 'Ibicui', 5),
(621, 'Ibipeba', 5),
(622, 'Ibipetum', 5),
(623, 'Ibipitanga', 5),
(624, 'Ibiquera', 5),
(625, 'Ibiraba', 5),
(626, 'Ibiraja', 5),
(627, 'Ibiranhem', 5),
(628, 'Ibirapitanga', 5),
(629, 'Ibirapua', 5),
(630, 'Ibirataia', 5),
(631, 'Ibitiara', 5),
(632, 'Ibitiguira', 5),
(633, 'Ibitira', 5),
(634, 'Ibitita', 5),
(635, 'Ibitunane', 5),
(636, 'Ibitupa', 5),
(637, 'Ibo', 5),
(638, 'Ibotirama', 5),
(639, 'Ichu', 5),
(640, 'Ico', 5),
(641, 'Igapora', 5),
(642, 'Igara', 5),
(643, 'Igarite', 5),
(644, 'Igatu', 5),
(645, 'Igrapiuna', 5),
(646, 'Igua', 5),
(647, 'Iguai', 5),
(648, 'Iguaibi', 5),
(649, 'Iguatemi', 5),
(650, 'Iguira', 5),
(651, 'Iguitu', 5),
(652, 'Ilha de Mare', 5),
(653, 'Ilheus', 5),
(654, 'Indai', 5),
(655, 'Inema', 5),
(656, 'Inhambupe', 5),
(657, 'Inhata', 5),
(658, 'Inhaumas', 5),
(659, 'Inhobim', 5),
(660, 'Inubia', 5),
(661, 'Ipecaeta', 5),
(662, 'Ipiau', 5),
(663, 'Ipira', 5),
(664, 'Ipiuna', 5),
(665, 'Ipucaba', 5),
(666, 'Ipupiara', 5),
(667, 'Irajuba', 5),
(668, 'Iramaia', 5),
(669, 'Iraporanga', 5),
(670, 'Iraquara', 5),
(671, 'Irara', 5),
(672, 'Irece', 5),
(673, 'Irundiara', 5),
(674, 'Ita-azul', 5),
(675, 'Itabela', 5),
(676, 'Itaberaba', 5),
(677, 'Itabuna', 5),
(678, 'Itacare', 5),
(679, 'Itacava', 5),
(680, 'Itachama', 5),
(681, 'Itacimirim', 5),
(682, 'Itaete', 5),
(683, 'Itagi', 5),
(684, 'Itagiba', 5),
(685, 'Itagimirim', 5),
(686, 'Itaguacu da Bahia', 5),
(687, 'Itaia', 5),
(688, 'Itaibo', 5),
(689, 'Itaipu', 5),
(690, 'Itaitu', 5),
(691, 'Itajai', 5),
(692, 'Itaju do Colonia', 5),
(693, 'Itajubaquara', 5),
(694, 'Itajuipe', 5),
(695, 'Itajuru', 5),
(696, 'Itamaraju', 5),
(697, 'Itamari', 5),
(698, 'Itambe', 5),
(699, 'Itamira', 5),
(700, 'Itamotinga', 5),
(701, 'Itanage', 5),
(702, 'Itanagra', 5),
(703, 'Itanhem', 5),
(704, 'Itanhi', 5),
(705, 'Itaparica', 5),
(706, 'Itape', 5),
(707, 'Itapebi', 5),
(708, 'Itapeipu', 5),
(709, 'Itapetinga', 5),
(710, 'Itapicuru', 5),
(711, 'Itapirema', 5),
(712, 'Itapitanga', 5),
(713, 'Itapora', 5),
(714, 'Itapura', 5),
(715, 'Itaquara', 5),
(716, 'Itaquarai', 5),
(717, 'Itarantim', 5),
(718, 'Itati', 5),
(719, 'Itatim', 5),
(720, 'Itatingui', 5),
(721, 'Itirucu', 5),
(722, 'Itiuba', 5),
(723, 'Itororo', 5),
(724, 'Ituacu', 5),
(725, 'Itubera', 5),
(726, 'Itupeva', 5),
(727, 'Iuiu', 5),
(728, 'Jaborandi', 5),
(729, 'Jacaraci', 5),
(730, 'Jacobina', 5),
(731, 'Jacu', 5),
(732, 'Jacuipe', 5),
(733, 'Jacuruna', 5),
(734, 'Jaguaquara', 5),
(735, 'Jaguara', 5),
(736, 'Jaguarari', 5),
(737, 'Jaguaripe', 5),
(738, 'Jaiba', 5),
(739, 'Jandaira', 5),
(740, 'Japomirim', 5),
(741, 'Japu', 5),
(742, 'Jaua', 5),
(743, 'Jequie', 5),
(744, 'Jequirica', 5),
(745, 'Jeremoabo', 5),
(746, 'Jiribatuba', 5),
(747, 'Jitauna', 5),
(748, 'Joao Amaro', 5),
(749, 'Joao Correia', 5),
(750, 'Joao Dourado', 5),
(751, 'Jose Goncalves', 5),
(752, 'Juacema', 5),
(753, 'Juazeiro', 5),
(754, 'Jucurucu', 5),
(755, 'Juerana', 5),
(756, 'Junco', 5),
(757, 'Jupagua', 5),
(758, 'Juraci', 5),
(759, 'Juremal', 5),
(760, 'Jussara', 5),
(761, 'Jussari', 5),
(762, 'Jussiape', 5),
(763, 'Km Sete', 5),
(764, 'Lafaiete Coutinho', 5),
(765, 'Lagoa Clara', 5),
(766, 'Lagoa de Melquiades', 5),
(767, 'Lagoa do Boi', 5),
(768, 'Lagoa Grande', 5),
(769, 'Lagoa Jose Luis', 5),
(770, 'Lagoa Preta', 5),
(771, 'Lagoa Real', 5),
(772, 'Laje', 5),
(773, 'Laje do Banco', 5),
(774, 'Lajedao', 5),
(775, 'Lajedinho', 5),
(776, 'Lajedo Alto', 5),
(777, 'Lajedo do Tabocal', 5),
(778, 'Lamarao', 5),
(779, 'Lamarao do Passe', 5),
(780, 'Lapao', 5),
(781, 'Largo', 5),
(782, 'Lauro de Freitas', 5),
(783, 'Lencois', 5),
(784, 'Licinio de Almeida', 5),
(785, 'Limoeiro do Bom Viver', 5),
(786, 'Livramento do Brumado', 5),
(787, 'Lucaia', 5),
(788, 'Luis Viana', 5),
(789, 'Lustosa', 5),
(790, 'Macajuba', 5),
(791, 'Macarani', 5),
(792, 'Macaubas', 5),
(793, 'Macurure', 5),
(794, 'Madre de Deus', 5),
(795, 'Maetinga', 5),
(796, 'Maiquinique', 5),
(797, 'Mairi', 5),
(798, 'Malhada', 5),
(799, 'Malhada de Pedras', 5),
(800, 'Mandiroba', 5),
(801, 'Mangue Seco', 5),
(802, 'Maniacu', 5),
(803, 'Manoel Vitorino', 5),
(804, 'Mansidao', 5),
(805, 'Mantiba', 5),
(806, 'Mar Grande', 5),
(807, 'Maracas', 5),
(808, 'Maragogipe', 5),
(809, 'Maragogipinho', 5),
(810, 'Marau', 5),
(811, 'Marcionilio Souza', 5),
(812, 'Marcolino Moura', 5),
(813, 'Maria Quiteria', 5),
(814, 'Maricoabo', 5),
(815, 'Mariquita', 5),
(816, 'Mascote', 5),
(817, 'Massacara', 5),
(818, 'Massaroca', 5),
(819, 'Mata da Alianca', 5),
(820, 'Mata de Sao Joao', 5),
(821, 'Mataripe', 5),
(822, 'Matina', 5),
(823, 'Matinha', 5),
(824, 'Medeiros Neto', 5),
(825, 'Miguel Calmon', 5),
(826, 'Milagres', 5),
(827, 'Mimoso do Oeste', 5),
(828, 'Minas do Espirito Santo', 5),
(829, 'Minas do Mimoso', 5),
(830, 'Mirandela', 5),
(831, 'Miranga', 5),
(832, 'Mirangaba', 5),
(833, 'Mirante', 5),
(834, 'Mocambo', 5),
(835, 'Mogiquicaba', 5),
(836, 'Monte Cruzeiro', 5),
(837, 'Monte Gordo', 5),
(838, 'Monte Reconcavo', 5),
(839, 'Monte Santo', 5),
(840, 'Morpara', 5),
(841, 'Morrinhos', 5),
(842, 'Morro das Flores', 5),
(843, 'Morro de Sao Paulo', 5),
(844, 'Morro do Chapeu', 5),
(845, 'Mortugaba', 5),
(846, 'Mucuge', 5),
(847, 'Mucuri', 5),
(848, 'Mulungu do Morro', 5),
(849, 'Mundo Novo', 5),
(850, 'Muniz Ferreira', 5),
(851, 'Muquem do Sao Francisco', 5),
(852, 'Muritiba', 5),
(853, 'Mutas', 5),
(854, 'Mutuipe', 5),
(855, 'Nage', 5),
(856, 'Narandiba', 5),
(857, 'Nazare', 5),
(858, 'Nilo Pecanha', 5),
(859, 'Nordestina', 5),
(860, 'Nova Alegria', 5),
(861, 'Nova Brasilia', 5),
(862, 'Nova Canaa', 5),
(863, 'Nova Fatima', 5),
(864, 'Nova Ibia', 5),
(865, 'Nova Itaipe', 5),
(866, 'Nova Itarana', 5),
(867, 'Nova Lidice', 5),
(868, 'Nova Redencao', 5),
(869, 'Nova Soure', 5),
(870, 'Nova Vicosa', 5),
(871, 'Novo Acre', 5),
(872, 'Novo Horizonte', 5),
(873, 'Novo Triunfo', 5),
(874, 'Nucleo Residencial Pilar', 5),
(875, 'Nuguacu', 5),
(876, 'Olhos D''agua Do Seco', 5),
(877, 'Olhos D''agua Do Serafim', 5),
(878, 'Olindina', 5),
(879, 'Oliveira dos Brejinhos', 5),
(880, 'Olivenca', 5),
(881, 'Onha', 5),
(882, 'Oriente Novo', 5),
(883, 'Ouricana', 5),
(884, 'Ouricangas', 5),
(885, 'Ouricuri do Ouro', 5),
(886, 'Ourolandia', 5),
(887, 'Outeiro Redondo', 5),
(888, 'Paiol', 5),
(889, 'Pajeu do Vento', 5),
(890, 'Palame', 5),
(891, 'Palmas de Monte Alto', 5),
(892, 'Palmeiras', 5),
(893, 'Parafuso', 5),
(894, 'Paramirim', 5),
(895, 'Parateca', 5),
(896, 'Paratinga', 5),
(897, 'Paripiranga', 5),
(898, 'Pataiba', 5),
(899, 'Patamute', 5),
(900, 'Pau A Pique', 5),
(901, 'Pau Brasil', 5),
(902, 'Paulo Afonso', 5),
(903, 'Pe de Serra', 5),
(904, 'Pedrao', 5),
(905, 'Pedras Altas do Mirim', 5),
(906, 'Pedro Alexandre', 5),
(907, 'Peixe', 5),
(908, 'Petim', 5),
(909, 'Piabanha', 5),
(910, 'Piata', 5),
(911, 'Picarrao', 5),
(912, 'Pilao Arcado', 5),
(913, 'Pimenteira', 5),
(914, 'Pindai', 5),
(915, 'Pindobacu', 5),
(916, 'Pinhoes', 5),
(917, 'Pintadas', 5),
(918, 'Piragi', 5),
(919, 'Pirai do Norte', 5),
(920, 'Piraja', 5),
(921, 'Pirajuia', 5),
(922, 'Piri', 5),
(923, 'Piripa', 5),
(924, 'Piritiba', 5),
(925, 'Pituba', 5),
(926, 'Planaltino', 5),
(927, 'Planalto', 5),
(928, 'Poco Central', 5),
(929, 'Poco de Fora', 5),
(930, 'Pocoes', 5),
(931, 'Pocos', 5),
(932, 'Pojuca', 5),
(933, 'Polo Petroquimico de Camacari', 5),
(934, 'Ponta da Areia', 5),
(935, 'Ponto Novo', 5),
(936, 'Porto Novo', 5),
(937, 'Porto Seguro', 5),
(938, 'Posto da Mata', 5),
(939, 'Potiragua', 5),
(940, 'Poxim do Sul', 5),
(941, 'Prado', 5),
(942, 'Presidente Dutra', 5),
(943, 'Presidente Janio Quadros', 5),
(944, 'Presidente Tancredo Neves', 5),
(945, 'Prevenido', 5),
(946, 'Quaracu', 5),
(947, 'Queimadas', 5),
(948, 'Quijingue', 5),
(949, 'Quixaba', 5),
(950, 'Quixabeira', 5),
(951, 'Rafael Jambeiro', 5),
(952, 'Recife', 5),
(953, 'Remanso', 5),
(954, 'Remedios', 5),
(955, 'Retirolandia', 5),
(956, 'Riachao das Neves', 5),
(957, 'Riachao do Jacuipe', 5),
(958, 'Riachao do Utinga', 5),
(959, 'Riacho da Guia', 5),
(960, 'Riacho de Santana', 5),
(961, 'Riacho Seco', 5),
(962, 'Ribeira do Amparo', 5),
(963, 'Ribeira do Pombal', 5),
(964, 'Ribeirao do Largo', 5),
(965, 'Ribeirao do Salto', 5),
(966, 'Rio da Dona', 5),
(967, 'Rio de Contas', 5),
(968, 'Rio do Antonio', 5),
(969, 'Rio do Braco', 5),
(970, 'Rio do Meio', 5),
(971, 'Rio do Pires', 5),
(972, 'Rio Fundo', 5),
(973, 'Rio Real', 5),
(974, 'Rodelas', 5),
(975, 'Ruy Barbosa', 5),
(976, 'Saldanha', 5),
(977, 'Salgadalia', 5),
(978, 'Salinas da Margarida', 5),
(979, 'Salobrinho', 5),
(980, 'Salobro', 5),
(981, 'Salvador', 5),
(982, 'Sambaiba', 5),
(983, 'Santa Barbara', 5),
(984, 'Santa Brigida', 5),
(985, 'Santa Cruz Cabralia', 5),
(986, 'Santa Cruz da Vitoria', 5),
(987, 'Santa Ines', 5),
(988, 'Santa Luzia', 5),
(989, 'Santa Maria da Vitoria', 5),
(990, 'Santa Rita de Cassia', 5),
(991, 'Santa Terezinha', 5),
(992, 'Santaluz', 5),
(993, 'Santana', 5),
(994, 'Santana do Sobrado', 5),
(995, 'Santanopolis', 5),
(996, 'Santiago do Iguape', 5),
(997, 'Santo Amaro', 5),
(998, 'Santo Antonio de Barcelona', 5),
(999, 'Santo Antonio de Jesus', 5),
(1000, 'Santo Estevao', 5),
(1001, 'Santo Inacio', 5),
(1002, 'Sao Desiderio', 5),
(1003, 'Sao Domingos', 5),
(1004, 'Sao Felipe', 5),
(1005, 'Sao Felix', 5),
(1006, 'Sao Felix do Coribe', 5),
(1007, 'Sao Francisco do Conde', 5),
(1008, 'Sao Gabriel', 5),
(1009, 'Sao Goncalo dos Campos', 5),
(1010, 'Sao Joao da Fortaleza', 5),
(1011, 'Sao Joao da Vitoria', 5),
(1012, 'Sao Jose da Vitoria', 5),
(1013, 'Sao Jose do Colonia', 5),
(1014, 'Sao Jose do Jacuipe', 5),
(1015, 'Sao Jose do Prado', 5),
(1016, 'Sao Jose do Rio Grande', 5),
(1017, 'Sao Miguel das Matas', 5),
(1018, 'Sao Paulinho', 5),
(1019, 'Sao Roque do Paraguacu', 5),
(1020, 'Sao Sebastiao do Passe', 5),
(1021, 'Sao Timoteo', 5),
(1022, 'Sapeacu', 5),
(1023, 'Satiro Dias', 5),
(1024, 'Saubara', 5),
(1025, 'Saudavel', 5),
(1026, 'Saude', 5),
(1027, 'Seabra', 5),
(1028, 'Sebastiao Laranjeiras', 5),
(1029, 'Senhor do Bonfim', 5),
(1030, 'Sento Se', 5),
(1031, 'Sergi', 5),
(1032, 'Serra da Canabrava', 5),
(1033, 'Serra do Ramalho', 5),
(1034, 'Serra Dourada', 5),
(1035, 'Serra Grande', 5),
(1036, 'Serra Preta', 5),
(1037, 'Serrinha', 5),
(1038, 'Serrolandia', 5),
(1039, 'Simoes Filho', 5),
(1040, 'Sitio da Barauna', 5),
(1041, 'Sitio do Mato', 5),
(1042, 'Sitio do Meio', 5),
(1043, 'Sitio do Quinto', 5),
(1044, 'Sitio Grande', 5),
(1045, 'Sitio Novo', 5),
(1046, 'Soares', 5),
(1047, 'Sobradinho', 5),
(1048, 'Souto Soares', 5),
(1049, 'Subauma', 5),
(1050, 'Sussuarana', 5),
(1051, 'Tabocas do Brejo Velho', 5),
(1052, 'Taboleiro do Castro', 5),
(1053, 'Taboquinhas', 5),
(1054, 'Tagua', 5),
(1055, 'Tamburil', 5),
(1056, 'Tanhacu', 5),
(1057, 'Tanque Novo', 5),
(1058, 'Tanquinho', 5),
(1059, 'Tanquinho do Poco', 5),
(1060, 'Taperoa', 5),
(1061, 'Tapiraipe', 5),
(1062, 'Tapirama', 5),
(1063, 'Tapiramuta', 5),
(1064, 'Tapiranga', 5),
(1065, 'Tapuia', 5),
(1066, 'Taquarendi', 5),
(1067, 'Taquarinha', 5),
(1068, 'Tartaruga', 5),
(1069, 'Tauape', 5),
(1070, 'Teixeira de Freitas', 5),
(1071, 'Teodoro Sampaio', 5),
(1072, 'Teofilandia', 5),
(1073, 'Teolandia', 5),
(1074, 'Terra Nova', 5),
(1075, 'Tijuacu', 5),
(1076, 'Tiquarucu', 5),
(1077, 'Tremedal', 5),
(1078, 'Triunfo do Sincora', 5),
(1079, 'Tucano', 5),
(1080, 'Uaua', 5),
(1081, 'Ubaira', 5),
(1082, 'Ubaitaba', 5),
(1083, 'Ubata', 5),
(1084, 'Ubiracaba', 5),
(1085, 'Ubiraita', 5),
(1086, 'Uibai', 5),
(1087, 'Umburanas', 5),
(1088, 'Umbuzeiro', 5),
(1089, 'Una', 5),
(1090, 'Urandi', 5),
(1091, 'Urucuca', 5),
(1092, 'Utinga', 5),
(1093, 'Vale Verde', 5),
(1094, 'Valenca', 5),
(1095, 'Valente', 5),
(1096, 'Varzea da Roca', 5),
(1097, 'Varzea do Caldas', 5),
(1098, 'Varzea do Cerco', 5),
(1099, 'Varzea do Poco', 5),
(1100, 'Varzea Nova', 5),
(1101, 'Varzeas', 5),
(1102, 'Varzedo', 5),
(1103, 'Velha Boipeba', 5),
(1104, 'Ventura', 5),
(1105, 'Vera Cruz', 5),
(1106, 'Vereda', 5),
(1107, 'Vila do Cafe', 5),
(1108, 'Vitoria da Conquista', 5),
(1109, 'Volta Grande', 5),
(1110, 'Wagner', 5),
(1111, 'Wanderley', 5),
(1112, 'Wenceslau Guimaraes', 5),
(1113, 'Xique-xique', 5),
(1114, 'Abaiara', 6),
(1115, 'Abilio Martins', 6),
(1116, 'Acarape', 6),
(1117, 'Acarau', 6),
(1118, 'Acopiara', 6),
(1119, 'Adrianopolis', 6),
(1120, 'Agua Verde', 6),
(1121, 'Aguai', 6),
(1122, 'Aiua', 6),
(1123, 'Aiuaba', 6),
(1124, 'Alagoinha', 6),
(1125, 'Alcantaras', 6),
(1126, 'Algodoes', 6),
(1127, 'Almofala', 6),
(1128, 'Altaneira', 6),
(1129, 'Alto Santo', 6),
(1130, 'Amanaiara', 6),
(1131, 'Amanari', 6),
(1132, 'Amaniutuba', 6),
(1133, 'Amarelas', 6),
(1134, 'Amaro', 6),
(1135, 'America', 6),
(1136, 'Amontada', 6),
(1137, 'Anaua', 6),
(1138, 'Aningas', 6),
(1139, 'Anjinhos', 6),
(1140, 'Antonina do Norte', 6),
(1141, 'Antonio Bezerra', 6),
(1142, 'Antonio Diogo', 6),
(1143, 'Antonio Marques', 6),
(1144, 'Aprazivel', 6),
(1145, 'Apuiares', 6),
(1146, 'Aquinopolis', 6),
(1147, 'Aquiraz', 6),
(1148, 'Aracas', 6),
(1149, 'Aracati', 6),
(1150, 'Aracatiacu', 6),
(1151, 'Aracatiara', 6),
(1152, 'Aracoiaba', 6),
(1153, 'Arajara', 6),
(1154, 'Aranau', 6),
(1155, 'Arapa', 6),
(1156, 'Arapari', 6),
(1157, 'Araporanga', 6),
(1158, 'Araquem', 6),
(1159, 'Ararenda', 6),
(1160, 'Araripe', 6),
(1161, 'Ararius', 6),
(1162, 'Aratama', 6),
(1163, 'Araticum', 6),
(1164, 'Aratuba', 6),
(1165, 'Areial', 6),
(1166, 'Ariscos dos Marianos', 6),
(1167, 'Arneiroz', 6),
(1168, 'Aroeiras', 6),
(1169, 'Arrojado', 6),
(1170, 'Aruaru', 6),
(1171, 'Assare', 6),
(1172, 'Assuncao', 6),
(1173, 'Aurora', 6),
(1174, 'Baixa Grande', 6),
(1175, 'Baixio', 6),
(1176, 'Baixio da Donana', 6),
(1177, 'Banabuiu', 6),
(1178, 'Bandeira', 6),
(1179, 'Barao de Aquiraz', 6),
(1180, 'Barbalha', 6),
(1181, 'Barra', 6),
(1182, 'Barra do Sotero', 6),
(1183, 'Barra Nova', 6),
(1184, 'Barreira', 6),
(1185, 'Barreira dos Vianas', 6),
(1186, 'Barreiras', 6),
(1187, 'Barreiros', 6),
(1188, 'Barrento', 6),
(1189, 'Barro', 6),
(1190, 'Barro Alto', 6),
(1191, 'Barroquinha', 6),
(1192, 'Baturite', 6),
(1193, 'Bau', 6),
(1194, 'Beberibe', 6),
(1195, 'Bela Cruz', 6),
(1196, 'Bela Vista', 6),
(1197, 'Betania', 6),
(1198, 'Bitupita', 6),
(1199, 'Bixopa', 6),
(1200, 'Boa Agua', 6),
(1201, 'Boa Esperanca', 6),
(1202, 'Boa Viagem', 6),
(1203, 'Boa Vista', 6),
(1204, 'Boa Vista do Caxitore', 6),
(1205, 'Bonfim', 6),
(1206, 'Bonhu', 6),
(1207, 'Bonito', 6),
(1208, 'Borges', 6),
(1209, 'Brejinho', 6),
(1210, 'Brejo Grande', 6),
(1211, 'Brejo Santo', 6),
(1212, 'Brotas', 6),
(1213, 'Buritizal', 6),
(1214, 'Buritizinho', 6),
(1215, 'Cabreiro', 6),
(1216, 'Cachoeira', 6),
(1217, 'Cachoeira Grande', 6),
(1218, 'Caicara', 6),
(1219, 'Caicarinha', 6),
(1220, 'Caio Prado', 6),
(1221, 'Caioca', 6),
(1222, 'Caipu', 6),
(1223, 'Calabaca', 6),
(1224, 'Caldeirao', 6),
(1225, 'California', 6),
(1226, 'Camara', 6),
(1227, 'Camboas', 6),
(1228, 'Camilos', 6),
(1229, 'Camocim', 6),
(1230, 'Campanario', 6),
(1231, 'Campestre', 6),
(1232, 'Campos Sales', 6),
(1233, 'Canaan', 6),
(1234, 'Canafistula', 6),
(1235, 'Cangati', 6),
(1236, 'Caninde', 6),
(1237, 'Canindezinho', 6),
(1238, 'Capistrano', 6),
(1239, 'Caponga', 6),
(1240, 'Caponga da Bernarda', 6),
(1241, 'Caracara', 6),
(1242, 'Caridade', 6),
(1243, 'Carire', 6),
(1244, 'Caririacu', 6),
(1245, 'Carius', 6),
(1246, 'Cariutaba', 6),
(1247, 'Carmelopolis', 6),
(1248, 'Carnaubal', 6),
(1249, 'Carnaubas', 6),
(1250, 'Carnaubinha', 6),
(1251, 'Carquejo', 6),
(1252, 'Carrapateiras', 6),
(1253, 'Caruatai', 6),
(1254, 'Carvalho', 6),
(1255, 'Carvoeiro', 6),
(1256, 'Cascavel', 6),
(1257, 'Castanhao', 6),
(1258, 'Catarina', 6),
(1259, 'Catole', 6),
(1260, 'Catuana', 6),
(1261, 'Catunda', 6),
(1262, 'Caucaia', 6),
(1263, 'Caxitore', 6),
(1264, 'Cedro', 6),
(1265, 'Cemoaba', 6),
(1266, 'Chaval', 6),
(1267, 'Choro', 6),
(1268, 'Chorozinho', 6),
(1269, 'Cipo dos Anjos', 6),
(1270, 'Cococi', 6),
(1271, 'Codia', 6),
(1272, 'Coite', 6),
(1273, 'Colina', 6),
(1274, 'Conceicao', 6),
(1275, 'Coreau', 6),
(1276, 'Corrego dos Fernandes', 6),
(1277, 'Crateus', 6),
(1278, 'Crato', 6),
(1279, 'Crioulos', 6),
(1280, 'Cristais', 6),
(1281, 'Croata', 6),
(1282, 'Cruxati', 6),
(1283, 'Cruz', 6),
(1284, 'Cruz de Pedra', 6),
(1285, 'Cruzeirinho', 6),
(1286, 'Cuncas', 6),
(1287, 'Curatis', 6),
(1288, 'Curupira', 6),
(1289, 'Custodio', 6),
(1290, 'Daniel de Queiros', 6),
(1291, 'Delmiro Gouveia', 6),
(1292, 'Deputado Irapuan Pinheiro', 6),
(1293, 'Deserto', 6),
(1294, 'Dom Leme', 6),
(1295, 'Dom Mauricio', 6),
(1296, 'Dom Quintino', 6),
(1297, 'Domingos da Costa', 6),
(1298, 'Donato', 6),
(1299, 'Dourados', 6),
(1300, 'Ebron', 6),
(1301, 'Ema', 6),
(1302, 'Ematuba', 6),
(1303, 'Encantado', 6),
(1304, 'Engenheiro Joao Tome', 6),
(1305, 'Engenheiro Jose Lopes', 6),
(1306, 'Engenho Velho', 6),
(1307, 'Erere', 6),
(1308, 'Espacinha', 6),
(1309, 'Esperanca', 6),
(1310, 'Espinho', 6),
(1311, 'Eusebio', 6),
(1312, 'Farias Brito', 6),
(1313, 'Fatima', 6),
(1314, 'Feiticeiro', 6),
(1315, 'Feitosa', 6),
(1316, 'Felizardo', 6),
(1317, 'Flamengo', 6),
(1318, 'Flores', 6),
(1319, 'Forquilha', 6),
(1320, 'Fortaleza', 6),
(1321, 'Fortim', 6),
(1322, 'Frecheirinha', 6),
(1323, 'Gado', 6),
(1324, 'Gado dos Rodrigues', 6),
(1325, 'Gameleira de Sao Sebastiao', 6),
(1326, 'Garcas', 6),
(1327, 'Gazea', 6),
(1328, 'General Sampaio', 6),
(1329, 'General Tiburcio', 6),
(1330, 'Genipapeiro', 6),
(1331, 'Gererau', 6),
(1332, 'Giqui', 6),
(1333, 'Girau', 6),
(1334, 'Graca', 6),
(1335, 'Granja', 6),
(1336, 'Granjeiro', 6),
(1337, 'Groairas', 6),
(1338, 'Guaiuba', 6),
(1339, 'Guajiru', 6),
(1340, 'Guanaces', 6),
(1341, 'Guaraciaba do Norte', 6),
(1342, 'Guaramiranga', 6),
(1343, 'Guararu', 6),
(1344, 'Guassi', 6),
(1345, 'Guassosse', 6),
(1346, 'Guia', 6),
(1347, 'Guriu', 6),
(1348, 'Hidrolandia', 6),
(1349, 'Holanda', 6),
(1350, 'Horizonte', 6),
(1351, 'Iapi', 6),
(1352, 'Iara', 6),
(1353, 'Ibaretama', 6),
(1354, 'Ibiapaba', 6),
(1355, 'Ibiapina', 6),
(1356, 'Ibicatu', 6),
(1357, 'Ibicua', 6),
(1358, 'Ibicuitaba', 6),
(1359, 'Ibicuitinga', 6),
(1360, 'Iborepi', 6),
(1361, 'Ibuacu', 6),
(1362, 'Ibuguacu', 6),
(1363, 'Icapui', 6),
(1364, 'Icarai', 6),
(1365, 'Ico', 6),
(1366, 'Icozinho', 6),
(1367, 'Ideal', 6),
(1368, 'Igaroi', 6),
(1369, 'Iguatu', 6),
(1370, 'Independencia', 6),
(1371, 'Ingazeiras', 6),
(1372, 'Inhamuns', 6),
(1373, 'Inhucu', 6),
(1374, 'Inhuporanga', 6),
(1375, 'Ipaporanga', 6),
(1376, 'Ipaumirim', 6),
(1377, 'Ipu', 6),
(1378, 'Ipueiras', 6),
(1379, 'Ipueiras dos Gomes', 6),
(1380, 'Iracema', 6),
(1381, 'Iraja', 6),
(1382, 'Irapua', 6),
(1383, 'Iratinga', 6),
(1384, 'Iraucuba', 6),
(1385, 'Isidoro', 6),
(1386, 'Itacima', 6),
(1387, 'Itagua', 6),
(1388, 'Itaicaba', 6),
(1389, 'Itaipaba', 6),
(1390, 'Itaitinga', 6),
(1391, 'Itans', 6),
(1392, 'Itapage', 6),
(1393, 'Itapebussu', 6),
(1394, 'Itapeim', 6),
(1395, 'Itapipoca', 6),
(1396, 'Itapiuna', 6),
(1397, 'Itapo', 6),
(1398, 'Itarema', 6),
(1399, 'Itatira', 6),
(1400, 'Jaburuna', 6),
(1401, 'Jacampari', 6),
(1402, 'Jacarecoara', 6),
(1403, 'Jacauna', 6),
(1404, 'Jaguarao', 6),
(1405, 'Jaguaretama', 6),
(1406, 'Jaguaribara', 6),
(1407, 'Jaguaribe', 6),
(1408, 'Jaguaruana', 6),
(1409, 'Jaibaras', 6),
(1410, 'Jamacaru', 6),
(1411, 'Jandrangoeira', 6),
(1412, 'Jardim', 6),
(1413, 'Jardimirim', 6),
(1414, 'Jati', 6),
(1415, 'Jijoca de Jericoacoara', 6),
(1416, 'Joao Cordeiro', 6),
(1417, 'Jordao', 6),
(1418, 'Jose de Alencar', 6),
(1419, 'Jua', 6),
(1420, 'Juatama', 6),
(1421, 'Juazeiro de Baixo', 6),
(1422, 'Juazeiro do Norte', 6),
(1423, 'Jubaia', 6),
(1424, 'Jucas', 6),
(1425, 'Jurema', 6),
(1426, 'Justiniano Serpa', 6),
(1427, 'Lacerda', 6),
(1428, 'Ladeira Grande', 6),
(1429, 'Lagoa de Sao Jose', 6),
(1430, 'Lagoa do Juvenal', 6),
(1431, 'Lagoa do Mato', 6),
(1432, 'Lagoa dos Crioulos', 6),
(1433, 'Lagoa Grande', 6),
(1434, 'Lagoinha', 6),
(1435, 'Lambedouro', 6),
(1436, 'Lameiro', 6),
(1437, 'Lavras da Mangabeira', 6),
(1438, 'Lima Campos', 6),
(1439, 'Limoeiro do Norte', 6),
(1440, 'Lisieux', 6),
(1441, 'Livramento', 6),
(1442, 'Logradouro', 6),
(1443, 'Macambira', 6),
(1444, 'Macaoca', 6),
(1445, 'Macarau', 6),
(1446, 'Maceio', 6),
(1447, 'Madalena', 6),
(1448, 'Major Simplicio', 6),
(1449, 'Majorlandia', 6),
(1450, 'Malhada Grande', 6),
(1451, 'Mangabeira', 6),
(1452, 'Manibu', 6),
(1453, 'Manituba', 6),
(1454, 'Mapua', 6),
(1455, 'Maracanau', 6),
(1456, 'Maragua', 6),
(1457, 'Maranguape', 6),
(1458, 'Mararupa', 6),
(1459, 'Marco', 6),
(1460, 'Marinheiros', 6),
(1461, 'Marrecas', 6),
(1462, 'Marrocos', 6),
(1463, 'Marruas', 6),
(1464, 'Martinopole', 6),
(1465, 'Massape', 6),
(1466, 'Mata Fresca', 6),
(1467, 'Matias', 6),
(1468, 'Matriz', 6),
(1469, 'Mauriti', 6),
(1470, 'Mel', 6),
(1471, 'Meruoca', 6),
(1472, 'Messejana', 6),
(1473, 'Miguel Xavier', 6),
(1474, 'Milagres', 6),
(1475, 'Milha', 6),
(1476, 'Milton Belo', 6),
(1477, 'Mineirolandia', 6),
(1478, 'Miragem', 6),
(1479, 'Miraima', 6),
(1480, 'Mirambe', 6),
(1481, 'Missao Nova', 6),
(1482, 'Missao Velha', 6),
(1483, 'Missi', 6),
(1484, 'Moitas', 6),
(1485, 'Mombaca', 6),
(1486, 'Mondubim', 6),
(1487, 'Monguba', 6),
(1488, 'Monsenhor Tabosa', 6),
(1489, 'Monte Alegre', 6),
(1490, 'Monte Castelo', 6),
(1491, 'Monte Grave', 6),
(1492, 'Monte Sion', 6),
(1493, 'Montenebo', 6),
(1494, 'Morada Nova', 6),
(1495, 'Moraujo', 6),
(1496, 'Morrinhos', 6),
(1497, 'Morrinhos Novos', 6),
(1498, 'Morro Branco', 6),
(1499, 'Mucambo', 6),
(1500, 'Mulungu', 6),
(1501, 'Mumbaba', 6),
(1502, 'Mundau', 6),
(1503, 'Muribeca', 6),
(1504, 'Muriti', 6),
(1505, 'Mutambeiras', 6),
(1506, 'Naraniu', 6),
(1507, 'Nascente', 6),
(1508, 'Nenenlandia', 6),
(1509, 'Nossa Senhora do Livramento', 6),
(1510, 'Nova Betania', 6),
(1511, 'Nova Fatima', 6),
(1512, 'Nova Floresta', 6),
(1513, 'Nova Olinda', 6),
(1514, 'Nova Russas', 6),
(1515, 'Nova Vida', 6),
(1516, 'Novo Assis', 6),
(1517, 'Novo Oriente', 6),
(1518, 'Ocara', 6),
(1519, 'Oiticica', 6),
(1520, 'Olho-d''agua', 6),
(1521, 'Olho-d''agua Da Bica', 6),
(1522, 'Oliveiras', 6),
(1523, 'Oros', 6),
(1524, 'Pacajus', 6),
(1525, 'Pacatuba', 6),
(1526, 'Pacoti', 6),
(1527, 'Pacuja', 6),
(1528, 'Padre Cicero', 6),
(1529, 'Padre Linhares', 6),
(1530, 'Padre Vieira', 6),
(1531, 'Pajeu', 6),
(1532, 'Pajucara', 6),
(1533, 'Palestina', 6),
(1534, 'Palestina do Norte', 6),
(1535, 'Palhano', 6),
(1536, 'Palmacia', 6),
(1537, 'Palmatoria', 6),
(1538, 'Panacui', 6),
(1539, 'Paracua', 6),
(1540, 'Paracuru', 6),
(1541, 'Paraipaba', 6),
(1542, 'Parajuru', 6),
(1543, 'Parambu', 6),
(1544, 'Paramoti', 6),
(1545, 'Parangaba', 6),
(1546, 'Parapui', 6),
(1547, 'Parazinho', 6),
(1548, 'Paripueira', 6),
(1549, 'Passagem', 6),
(1550, 'Passagem Funda', 6),
(1551, 'Pasta', 6),
(1552, 'Patacas', 6),
(1553, 'Patriarca', 6),
(1554, 'Pavuna', 6),
(1555, 'Pecem', 6),
(1556, 'Pedra Branca', 6),
(1557, 'Pedras', 6),
(1558, 'Pedrinhas', 6),
(1559, 'Peixe', 6),
(1560, 'Peixe Gordo', 6),
(1561, 'Penaforte', 6),
(1562, 'Pentecoste', 6),
(1563, 'Pereiro', 6),
(1564, 'Pernambuquinho', 6),
(1565, 'Pessoa Anta', 6),
(1566, 'Pindoguaba', 6),
(1567, 'Pindoretama', 6),
(1568, 'Pio X', 6),
(1569, 'Piquet Carneiro', 6),
(1570, 'Pirabibu', 6),
(1571, 'Pirangi', 6),
(1572, 'Pires Ferreira', 6),
(1573, 'Pitombeira', 6),
(1574, 'Pitombeiras', 6),
(1575, 'Placido Martins', 6),
(1576, 'Poco', 6),
(1577, 'Poco Comprido', 6),
(1578, 'Poco Grande', 6),
(1579, 'Podimirim', 6),
(1580, 'Ponta da Serra', 6),
(1581, 'Poranga', 6),
(1582, 'Porfirio Sampaio', 6),
(1583, 'Porteiras', 6),
(1584, 'Potengi', 6),
(1585, 'Poti', 6),
(1586, 'Potiretama', 6),
(1587, 'Prata', 6),
(1588, 'Prudente de Morais', 6),
(1589, 'Quatiguaba', 6),
(1590, 'Queimadas', 6),
(1591, 'Quimami', 6),
(1592, 'Quincoe', 6),
(1593, 'Quincunca', 6),
(1594, 'Quitaius', 6),
(1595, 'Quiterianopolis', 6),
(1596, 'Quixada', 6),
(1597, 'Quixariu', 6),
(1598, 'Quixelo', 6),
(1599, 'Quixeramobim', 6),
(1600, 'Quixere', 6),
(1601, 'Quixoa', 6),
(1602, 'Raimundo Martins', 6),
(1603, 'Redencao', 6),
(1604, 'Reriutaba', 6),
(1605, 'Riachao do Banabuiu', 6),
(1606, 'Riacho Grande', 6),
(1607, 'Riacho Verde', 6),
(1608, 'Riacho Vermelho', 6),
(1609, 'Rinare', 6),
(1610, 'Roldao', 6),
(1611, 'Russas', 6),
(1612, 'Sabiaguaba', 6),
(1613, 'Saboeiro', 6),
(1614, 'Sacramento', 6),
(1615, 'Salao', 6),
(1616, 'Salitre', 6),
(1617, 'Sambaiba', 6),
(1618, 'Santa Ana', 6),
(1619, 'Santa Fe', 6),
(1620, 'Santa Felicia', 6),
(1621, 'Santa Luzia', 6),
(1622, 'Santa Quiteria', 6),
(1623, 'Santa Tereza', 6),
(1624, 'Santana', 6),
(1625, 'Santana do Acarau', 6),
(1626, 'Santana do Cariri', 6),
(1627, 'Santarem', 6),
(1628, 'Santo Antonio', 6),
(1629, 'Santo Antonio da Pindoba', 6),
(1630, 'Santo Antonio dos Fernandes', 6),
(1631, 'Sao Bartolomeu', 6),
(1632, 'Sao Benedito', 6),
(1633, 'Sao Domingos', 6),
(1634, 'Sao Felipe', 6),
(1635, 'Sao Francisco', 6),
(1636, 'Sao Gerardo', 6),
(1637, 'Sao Goncalo do Amarante', 6),
(1638, 'Sao Goncalo do Umari', 6),
(1639, 'Sao Joao de Deus', 6),
(1640, 'Sao Joao do Jaguaribe', 6),
(1641, 'Sao Joao dos Queiroz', 6),
(1642, 'Sao Joaquim', 6),
(1643, 'Sao Joaquim do Salgado', 6),
(1644, 'Sao Jose', 6),
(1645, 'Sao Jose das Lontras', 6),
(1646, 'Sao Jose de Solonopole', 6),
(1647, 'Sao Jose do Torto', 6),
(1648, 'Sao Luis do Curu', 6),
(1649, 'Sao Miguel', 6),
(1650, 'Sao Paulo', 6),
(1651, 'Sao Pedro', 6),
(1652, 'Sao Romao', 6),
(1653, 'Sao Sebastiao', 6),
(1654, 'Sao Vicente', 6),
(1655, 'Sapo', 6),
(1656, 'Sapupara', 6),
(1657, 'Sebastiao de Abreu', 6),
(1658, 'Senador Carlos Jereissati', 6),
(1659, 'Senador Pompeu', 6),
(1660, 'Senador Sa', 6),
(1661, 'Sereno de Cima', 6),
(1662, 'Serra do Felix', 6),
(1663, 'Serragem', 6),
(1664, 'Serrota', 6),
(1665, 'Serrote', 6),
(1666, 'Sitia', 6),
(1667, 'Sitios Novos', 6),
(1668, 'Siupe', 6),
(1669, 'Sobral', 6),
(1670, 'Soledade', 6),
(1671, 'Solonopole', 6),
(1672, 'Suassurana', 6),
(1673, 'Sucatinga', 6),
(1674, 'Sucesso', 6),
(1675, 'Sussuanha', 6),
(1676, 'Tabainha', 6),
(1677, 'Taboleiro', 6),
(1678, 'Tabuleiro do Norte', 6),
(1679, 'Taiba', 6),
(1680, 'Tamboril', 6),
(1681, 'Tanques', 6),
(1682, 'Tapera', 6),
(1683, 'Taperuaba', 6),
(1684, 'Tapuiara', 6),
(1685, 'Targinos', 6),
(1686, 'Tarrafas', 6),
(1687, 'Taua', 6),
(1688, 'Tejucuoca', 6),
(1689, 'Tiangua', 6),
(1690, 'Timonha', 6),
(1691, 'Tipi', 6),
(1692, 'Tome', 6),
(1693, 'Trairi', 6),
(1694, 'Trapia', 6),
(1695, 'Trici', 6),
(1696, 'Troia', 6),
(1697, 'Trussu', 6),
(1698, 'Tucunduba', 6),
(1699, 'Tucuns', 6),
(1700, 'Tuina', 6),
(1701, 'Tururu', 6),
(1702, 'Ubajara', 6),
(1703, 'Ubauna', 6),
(1704, 'Ubiracu', 6),
(1705, 'Uiraponga', 6),
(1706, 'Umari', 6),
(1707, 'Umarituba', 6),
(1708, 'Umburanas', 6),
(1709, 'Umirim', 6),
(1710, 'Uruburetama', 6),
(1711, 'Uruoca', 6),
(1712, 'Uruque', 6),
(1713, 'Varjota', 6),
(1714, 'Varzea', 6),
(1715, 'Varzea Alegre', 6),
(1716, 'Varzea da Volta', 6),
(1717, 'Varzea do Gilo', 6),
(1718, 'Vazantes', 6),
(1719, 'Ventura', 6),
(1720, 'Vertentes do Lagedo', 6),
(1721, 'Vicosa', 6),
(1722, 'Vicosa do Ceara', 6),
(1723, 'Vila Soares', 6),
(1724, 'Brasilia', 7),
(1725, 'Brazlandia', 7),
(1726, 'Candangolandia', 7),
(1727, 'Ceilandia', 7),
(1728, 'Cruzeiro', 7),
(1729, 'Gama', 7),
(1730, 'Guara', 7),
(1731, 'Lago Norte', 7),
(1732, 'Lago Sul', 7),
(1733, 'Nucleo Bandeirante', 7),
(1734, 'Paranoa', 7),
(1735, 'Planaltina', 7),
(1736, 'Recanto das Emas', 7),
(1737, 'Riacho Fundo', 7),
(1738, 'Samambaia', 7),
(1739, 'Santa Maria', 7),
(1740, 'Sao Sebastiao', 7),
(1741, 'Sobradinho', 7),
(1742, 'Taguatinga', 7),
(1743, 'Acioli', 8),
(1744, 'Afonso Claudio', 8),
(1745, 'Agha', 8),
(1746, 'Agua Doce do Norte', 8),
(1747, 'Aguia Branca', 8),
(1748, 'Airituba', 8),
(1749, 'Alegre', 8),
(1750, 'Alfredo Chaves', 8),
(1751, 'Alto Calcado', 8),
(1752, 'Alto Caldeirao', 8),
(1753, 'Alto Mutum Preto', 8),
(1754, 'Alto Rio Novo', 8),
(1755, 'Alto Santa Maria', 8),
(1756, 'Anchieta', 8),
(1757, 'Angelo Frechiani', 8),
(1758, 'Anutiba', 8),
(1759, 'Apiaca', 8),
(1760, 'Aracatiba', 8),
(1761, 'Arace', 8),
(1762, 'Aracruz', 8),
(1763, 'Aracui', 8),
(1764, 'Araguaia', 8),
(1765, 'Ararai', 8),
(1766, 'Argolas', 8),
(1767, 'Atilio Vivacqua', 8),
(1768, 'Baia Nova', 8),
(1769, 'Baixo Guandu', 8),
(1770, 'Barra de Novo Brasil', 8),
(1771, 'Barra de Sao Francisco', 8),
(1772, 'Barra do Itapemirim', 8),
(1773, 'Barra Nova', 8),
(1774, 'Barra Seca', 8),
(1775, 'Baunilha', 8),
(1776, 'Bebedouro', 8),
(1777, 'Boa Esperanca', 8),
(1778, 'Boapaba', 8),
(1779, 'Bom Jesus do Norte', 8),
(1780, 'Bonsucesso', 8),
(1781, 'Braco do Rio', 8),
(1782, 'Brejetuba', 8),
(1783, 'Burarama', 8),
(1784, 'Cachoeirinha de Itauna', 8),
(1785, 'Cachoeiro de Itapemirim', 8),
(1786, 'Cafe', 8),
(1787, 'Calogi', 8),
(1788, 'Camara', 8),
(1789, 'Carapina', 8),
(1790, 'Cariacica', 8),
(1791, 'Castelo', 8),
(1792, 'Celina', 8),
(1793, 'Colatina', 8),
(1794, 'Conceicao da Barra', 8),
(1795, 'Conceicao do Castelo', 8),
(1796, 'Conceicao do Muqui', 8),
(1797, 'Conduru', 8),
(1798, 'Coqueiral', 8),
(1799, 'Corrego dos Monos', 8),
(1800, 'Cotaxe', 8),
(1801, 'Cristal do Norte', 8),
(1802, 'Crubixa', 8),
(1803, 'Desengano', 8),
(1804, 'Divino de Sao Lourenco', 8),
(1805, 'Divino Espirito Santo', 8),
(1806, 'Djalma Coutinho', 8),
(1807, 'Domingos Martins', 8),
(1808, 'Dona America', 8),
(1809, 'Dores do Rio Preto', 8),
(1810, 'Duas Barras', 8),
(1811, 'Ecoporanga', 8),
(1812, 'Estrela do Norte', 8),
(1813, 'Fartura', 8),
(1814, 'Fazenda Guandu', 8),
(1815, 'Fundao', 8),
(1816, 'Garrafao', 8),
(1817, 'Gironda', 8),
(1818, 'Goiabeiras', 8),
(1819, 'Governador Lacerda de Aguiar', 8),
(1820, 'Governador Lindenberg', 8),
(1821, 'Graca Aranha', 8),
(1822, 'Gruta', 8),
(1823, 'Guacui', 8),
(1824, 'Guarana', 8),
(1825, 'Guarapari', 8),
(1826, 'Guararema', 8),
(1827, 'Ibatiba', 8),
(1828, 'Ibes', 8),
(1829, 'Ibicaba', 8),
(1830, 'Ibiracu', 8),
(1831, 'Ibitirama', 8),
(1832, 'Ibitirui', 8),
(1833, 'Ibituba', 8),
(1834, 'Iconha', 8),
(1835, 'Imburana', 8),
(1836, 'Iriritiba', 8),
(1837, 'Irundi', 8),
(1838, 'Irupi', 8),
(1839, 'Isabel', 8),
(1840, 'Itabaiana', 8),
(1841, 'Itacu', 8),
(1842, 'Itaguacu', 8),
(1843, 'Itaici', 8),
(1844, 'Itaimbe', 8),
(1845, 'Itaipava', 8),
(1846, 'Itamira', 8),
(1847, 'Itaoca', 8),
(1848, 'Itapecoa', 8),
(1849, 'Itapemirim', 8),
(1850, 'Itaperuna', 8),
(1851, 'Itapina', 8),
(1852, 'Itaquari', 8),
(1853, 'Itarana', 8),
(1854, 'Itaunas', 8),
(1855, 'Itauninhas', 8),
(1856, 'Iuna', 8),
(1857, 'Jabaquara', 8),
(1858, 'Jacaraipe', 8),
(1859, 'Jacigua', 8),
(1860, 'Jacupemba', 8),
(1861, 'Jaguare', 8),
(1862, 'Jeronimo Monteiro', 8),
(1863, 'Joacuba', 8),
(1864, 'Joao Neiva', 8),
(1865, 'Joatuba', 8),
(1866, 'Jose Carlos', 8),
(1867, 'Jucu', 8),
(1868, 'Lajinha', 8),
(1869, 'Laranja da Terra', 8),
(1870, 'Limoeiro', 8),
(1871, 'Linhares', 8),
(1872, 'Mangarai', 8),
(1873, 'Mantenopolis', 8),
(1874, 'Marataizes', 8),
(1875, 'Marechal Floriano', 8),
(1876, 'Marilandia', 8),
(1877, 'Matilde', 8),
(1878, 'Melgaco', 8),
(1879, 'Menino Jesus', 8),
(1880, 'Mimoso do Sul', 8),
(1881, 'Montanha', 8),
(1882, 'Monte Carmelo do Rio Novo', 8),
(1883, 'Monte Pio', 8),
(1884, 'Monte Sinai', 8),
(1885, 'Mucurici', 8),
(1886, 'Mundo Novo', 8),
(1887, 'Muniz Freire', 8),
(1888, 'Muqui', 8),
(1889, 'Nestor Gomes', 8),
(1890, 'Nova Almeida', 8),
(1891, 'Nova Canaa', 8),
(1892, 'Nova Venecia', 8),
(1893, 'Nova Verona', 8),
(1894, 'Novo Brasil', 8),
(1895, 'Novo Horizonte', 8),
(1896, 'Pacotuba', 8),
(1897, 'Paineiras', 8),
(1898, 'Palmeira', 8),
(1899, 'Palmerino', 8),
(1900, 'Pancas', 8),
(1901, 'Paraju', 8),
(1902, 'Paulista', 8),
(1903, 'Pedro Canario', 8),
(1904, 'Pendanga', 8),
(1905, 'Pequia', 8),
(1906, 'Perdicao', 8),
(1907, 'Piacu', 8),
(1908, 'Pinheiros', 8),
(1909, 'Piracema', 8),
(1910, 'Piuma', 8),
(1911, 'Ponte de Itabapoana', 8),
(1912, 'Ponto Belo', 8),
(1913, 'Pontoes', 8),
(1914, 'Poranga', 8),
(1915, 'Porto Barra do Riacho', 8),
(1916, 'Praia Grande', 8),
(1917, 'Presidente Kennedy', 8),
(1918, 'Princesa', 8),
(1919, 'Queimado', 8),
(1921, 'Regencia', 8),
(1922, 'Riacho', 8),
(1923, 'Ribeirao do Cristo', 8),
(1924, 'Rio Bananal', 8),
(1925, 'Rio Calcado', 8),
(1926, 'Rio Muqui', 8),
(1927, 'Rio Novo do Sul', 8),
(1928, 'Rio Preto', 8),
(1929, 'Rive', 8),
(1930, 'Sagrada Familia', 8),
(1931, 'Santa Angelica', 8),
(1932, 'Santa Cruz', 8),
(1933, 'Santa Julia', 8),
(1934, 'Santa Leopoldina', 8),
(1935, 'Santa Luzia de Mantenopolis', 8),
(1936, 'Santa Luzia do Azul', 8),
(1937, 'Santa Luzia do Norte', 8),
(1938, 'Santa Maria de Jetiba', 8),
(1939, 'Santa Marta', 8),
(1940, 'Santa Teresa', 8),
(1941, 'Santa Terezinha', 8),
(1942, 'Santissima Trindade', 8),
(1943, 'Santo Agostinho', 8),
(1944, 'Santo Antonio', 8),
(1945, 'Santo Antonio do Canaa', 8),
(1946, 'Santo Antonio do Muqui', 8),
(1947, 'Santo Antonio do Pousalegre', 8),
(1948, 'Santo Antonio do Quinze', 8),
(1949, 'Sao Domingos do Norte', 8),
(1950, 'Sao Francisco do Novo Brasil', 8),
(1951, 'Sao Francisco Xavier do Guandu', 8),
(1952, 'Sao Gabriel da Palha', 8),
(1953, 'Sao Geraldo', 8),
(1954, 'Sao Jacinto', 8),
(1955, 'Sao Joao de Petropolis', 8),
(1956, 'Sao Joao de Vicosa', 8),
(1957, 'Sao Joao do Sobrado', 8),
(1958, 'Sao Jorge da Barra Seca', 8),
(1959, 'Sao Jorge do Oliveira', 8),
(1960, 'Sao Jorge do Tiradentes', 8),
(1961, 'Sao Jose das Torres', 8),
(1962, 'Sao Jose de Mantenopolis', 8),
(1963, 'Sao Jose do Calcado', 8),
(1964, 'Sao Jose do Sobradinho', 8),
(1965, 'Sao Mateus', 8),
(1966, 'Sao Pedro', 8),
(1967, 'Sao Pedro de Itabapoana', 8),
(1968, 'Sao Pedro de Rates', 8),
(1969, 'Sao Rafael', 8),
(1970, 'Sao Roque do Cannaa', 8),
(1971, 'Sao Tiago', 8),
(1972, 'Sao Torquato', 8),
(1973, 'Sapucaia', 8),
(1974, 'Serra', 8),
(1975, 'Serra Pelada', 8),
(1976, 'Sobreiro', 8),
(1977, 'Sooretama', 8),
(1978, 'Timbui', 8),
(1979, 'Todos Os Santos', 8),
(1980, 'Urania', 8),
(1981, 'Vargem Alta', 8),
(1982, 'Vargem Grande do Soturno', 8),
(1983, 'Venda Nova do Imigrante', 8),
(1984, 'Viana', 8),
(1985, 'Vieira Machado', 8),
(1986, 'Vila Nelita', 8),
(1987, 'Vila Nova de Bananal', 8),
(1988, 'Vila Pavao', 8),
(1989, 'Vila Valerio', 8),
(1990, 'Vila Velha', 8),
(1991, 'Vila Verde', 8),
(1992, 'Vinhatico', 8),
(1993, 'Vinte E Cinco de Julho', 8),
(1994, 'Vitoria', 8),
(1995, 'Abadia de Goias', 9),
(1996, 'Abadiania', 9),
(1997, 'Acreuna', 9),
(1998, 'Adelandia', 9),
(1999, 'Agua Fria de Goias', 9),
(2000, 'Agua Limpa', 9),
(2001, 'Aguas Lindas de Goias', 9),
(2002, 'Alexania', 9),
(2003, 'Aloandia', 9),
(2004, 'Alto Alvorada', 9),
(2005, 'Alto Horizonte', 9),
(2006, 'Alto Paraiso de Goias', 9),
(2007, 'Alvorada do Norte', 9),
(2008, 'Amaralina', 9),
(2009, 'Americano do Brasil', 9),
(2010, 'Amorinopolis', 9),
(2011, 'Anapolis', 9),
(2012, 'Anhanguera', 9),
(2013, 'Anicuns', 9),
(2014, 'Aparecida', 9),
(2015, 'Aparecida de Goiania', 9),
(2016, 'Aparecida de Goias', 9),
(2017, 'Aparecida do Rio Claro', 9),
(2018, 'Aparecida do Rio Doce', 9),
(2019, 'Apore', 9),
(2020, 'Aracu', 9),
(2021, 'Aragarcas', 9),
(2022, 'Aragoiania', 9),
(2023, 'Araguapaz', 9),
(2024, 'Arenopolis', 9),
(2025, 'Aruana', 9),
(2026, 'Aurilandia', 9),
(2027, 'Auriverde', 9),
(2028, 'Avelinopolis', 9),
(2029, 'Bacilandia', 9),
(2030, 'Baliza', 9),
(2031, 'Bandeirantes', 9),
(2032, 'Barbosilandia', 9),
(2033, 'Barro Alto', 9),
(2034, 'Bela Vista de Goias', 9),
(2035, 'Bom Jardim de Goias', 9),
(2036, 'Bom Jesus de Goias', 9),
(2037, 'Bonfinopolis', 9),
(2038, 'Bonopolis', 9),
(2039, 'Brazabrantes', 9),
(2040, 'Britania', 9),
(2041, 'Buenolandia', 9),
(2042, 'Buriti Alegre', 9),
(2043, 'Buriti de Goias', 9),
(2044, 'Buritinopolis', 9),
(2045, 'Cabeceiras', 9),
(2046, 'Cachoeira Alta', 9),
(2047, 'Cachoeira de Goias', 9),
(2048, 'Cachoeira Dourada', 9),
(2049, 'Cacu', 9),
(2050, 'Caiaponia', 9),
(2051, 'Caicara', 9),
(2052, 'Calcilandia', 9),
(2053, 'Caldas Novas', 9),
(2054, 'Caldazinha', 9),
(2055, 'Calixto', 9),
(2056, 'Campestre de Goias', 9),
(2057, 'Campinacu', 9),
(2058, 'Campinorte', 9),
(2059, 'Campo Alegre de Goias', 9),
(2060, 'Campo Limpo', 9),
(2061, 'Campolandia', 9),
(2062, 'Campos Belos', 9),
(2063, 'Campos Verdes', 9),
(2064, 'Cana Brava', 9),
(2065, 'Canada', 9),
(2066, 'Capelinha', 9),
(2067, 'Caraiba', 9),
(2068, 'Carmo do Rio Verde', 9),
(2069, 'Castelandia', 9),
(2070, 'Castrinopolis', 9),
(2071, 'Catalao', 9),
(2072, 'Caturai', 9),
(2073, 'Cavalcante', 9),
(2074, 'Cavalheiro', 9),
(2075, 'Cebrasa', 9),
(2076, 'Ceres', 9),
(2077, 'Cezarina', 9),
(2078, 'Chapadao do Ceu', 9),
(2079, 'Choupana', 9),
(2080, 'Cibele', 9),
(2081, 'Cidade Ocidental', 9),
(2082, 'Cirilandia', 9),
(2083, 'Cocalzinho de Goias', 9),
(2084, 'Colinas do Sul', 9),
(2085, 'Corrego do Ouro', 9),
(2086, 'Corrego Rico', 9),
(2087, 'Corumba de Goias', 9),
(2088, 'Corumbaiba', 9),
(2089, 'Cristalina', 9),
(2090, 'Cristianopolis', 9),
(2091, 'Crixas', 9),
(2092, 'Crominia', 9),
(2093, 'Cruzeiro do Norte', 9),
(2094, 'Cumari', 9),
(2095, 'Damianopolis', 9),
(2096, 'Damolandia', 9),
(2097, 'Davidopolis', 9),
(2098, 'Davinopolis', 9),
(2099, 'Diolandia', 9),
(2100, 'Diorama', 9),
(2101, 'Divinopolis de Goias', 9),
(2102, 'Domiciano Ribeiro', 9),
(2103, 'Doverlandia', 9),
(2104, 'Edealina', 9),
(2105, 'Edeia', 9),
(2106, 'Estrela do Norte', 9),
(2107, 'Faina', 9),
(2108, 'Fazenda Nova', 9),
(2109, 'Firminopolis', 9),
(2110, 'Flores de Goias', 9),
(2111, 'Formosa', 9),
(2112, 'Formoso', 9),
(2113, 'Forte', 9),
(2114, 'Gameleira de Goias', 9),
(2115, 'Geriacu', 9),
(2116, 'Goialandia', 9),
(2117, 'Goianapolis', 9),
(2118, 'Goiandira', 9),
(2119, 'Goianesia', 9),
(2120, 'Goiania', 9),
(2121, 'Goianira', 9),
(2122, 'Goias', 9),
(2123, 'Goiatuba', 9),
(2124, 'Gouvelandia', 9),
(2125, 'Guapo', 9),
(2126, 'Guaraita', 9),
(2127, 'Guarani de Goias', 9),
(2128, 'Guarinos', 9),
(2129, 'Heitorai', 9),
(2130, 'Hidrolandia', 9),
(2131, 'Hidrolina', 9),
(2132, 'Iaciara', 9),
(2133, 'Inaciolandia', 9),
(2134, 'Indiara', 9),
(2135, 'Inhumas', 9),
(2136, 'Interlandia', 9),
(2137, 'Ipameri', 9),
(2138, 'Ipora', 9),
(2139, 'Israelandia', 9),
(2140, 'Itaberai', 9),
(2141, 'Itaguacu', 9),
(2142, 'Itaguari', 9),
(2143, 'Itaguaru', 9),
(2144, 'Itaja', 9),
(2145, 'Itapaci', 9),
(2146, 'Itapirapua', 9),
(2147, 'Itapuranga', 9),
(2148, 'Itaruma', 9),
(2149, 'Itaucu', 9),
(2150, 'Itumbiara', 9),
(2151, 'Ivolandia', 9),
(2152, 'Jacilandia', 9),
(2153, 'Jandaia', 9),
(2154, 'Jaragua', 9),
(2155, 'Jatai', 9),
(2156, 'Jaupaci', 9),
(2157, 'Jeroaquara', 9),
(2158, 'Jesupolis', 9),
(2159, 'Joanapolis', 9),
(2160, 'Joviania', 9),
(2161, 'Juscelandia', 9),
(2162, 'Juscelino Kubitschek', 9),
(2163, 'Jussara', 9),
(2164, 'Lagoa do Bauzinho', 9),
(2165, 'Lagolandia', 9),
(2166, 'Leopoldo de Bulhoes', 9),
(2167, 'Lucilandia', 9),
(2168, 'Luziania', 9),
(2169, 'Mairipotaba', 9),
(2170, 'Mambai', 9),
(2171, 'Mara Rosa', 9),
(2172, 'Marcianopolis', 9),
(2173, 'Marzagao', 9),
(2174, 'Matrincha', 9),
(2175, 'Maurilandia', 9),
(2176, 'Meia Ponte', 9),
(2177, 'Messianopolis', 9),
(2178, 'Mimoso de Goias', 9),
(2179, 'Minacu', 9),
(2180, 'Mineiros', 9),
(2181, 'Moipora', 9),
(2182, 'Monte Alegre de Goias', 9),
(2183, 'Montes Claros de Goias', 9),
(2184, 'Montividiu', 9),
(2185, 'Montividiu do Norte', 9),
(2186, 'Morrinhos', 9),
(2187, 'Morro Agudo de Goias', 9),
(2188, 'Mossamedes', 9);
INSERT INTO `cidades` (`idCidade`, `CidadeNome`, `Estados_idEstado`) VALUES
(2189, 'Mozarlandia', 9),
(2190, 'Mundo Novo', 9),
(2191, 'Mutunopolis', 9),
(2192, 'Natinopolis', 9),
(2193, 'Nazario', 9),
(2194, 'Neropolis', 9),
(2195, 'Niquelandia', 9),
(2196, 'Nova America', 9),
(2197, 'Nova Aurora', 9),
(2198, 'Nova Crixas', 9),
(2199, 'Nova Gloria', 9),
(2200, 'Nova Iguacu de Goias', 9),
(2201, 'Nova Roma', 9),
(2202, 'Nova Veneza', 9),
(2203, 'Novo Brasil', 9),
(2204, 'Novo Gama', 9),
(2205, 'Novo Planalto', 9),
(2206, 'Olaria do Angico', 9),
(2207, 'Olhos D''agua', 9),
(2208, 'Orizona', 9),
(2209, 'Ouro Verde de Goias', 9),
(2210, 'Ouroana', 9),
(2211, 'Ouvidor', 9),
(2212, 'Padre Bernardo', 9),
(2213, 'Palestina de Goias', 9),
(2214, 'Palmeiras de Goias', 9),
(2215, 'Palmelo', 9),
(2216, 'Palminopolis', 9),
(2217, 'Panama', 9),
(2218, 'Paranaiguara', 9),
(2219, 'Parauna', 9),
(2220, 'Pau-terra', 9),
(2221, 'Pedra Branca', 9),
(2222, 'Perolandia', 9),
(2223, 'Petrolina de Goias', 9),
(2224, 'Pilar de Goias', 9),
(2225, 'Piloandia', 9),
(2226, 'Piracanjuba', 9),
(2227, 'Piranhas', 9),
(2228, 'Pirenopolis', 9),
(2229, 'Pires Belo', 9),
(2230, 'Pires do Rio', 9),
(2231, 'Planaltina', 9),
(2232, 'Pontalina', 9),
(2233, 'Porangatu', 9),
(2234, 'Porteirao', 9),
(2235, 'Portelandia', 9),
(2236, 'Posse', 9),
(2237, 'Posse D''abadia', 9),
(2238, 'Professor Jamil', 9),
(2239, 'Quirinopolis', 9),
(2240, 'Registro do Araguaia', 9),
(2241, 'Rialma', 9),
(2242, 'Rianapolis', 9),
(2243, 'Rio Quente', 9),
(2244, 'Rio Verde', 9),
(2245, 'Riverlandia', 9),
(2246, 'Rodrigues Nascimento', 9),
(2247, 'Rosalandia', 9),
(2248, 'Rubiataba', 9),
(2249, 'Sanclerlandia', 9),
(2250, 'Santa Barbara de Goias', 9),
(2251, 'Santa Cruz das Lajes', 9),
(2252, 'Santa Cruz de Goias', 9),
(2253, 'Santa Fe de Goias', 9),
(2254, 'Santa Helena de Goias', 9),
(2255, 'Santa Isabel', 9),
(2256, 'Santa Rita do Araguaia', 9),
(2257, 'Santa Rita do Novo Destino', 9),
(2258, 'Santa Rosa', 9),
(2259, 'Santa Rosa de Goias', 9),
(2260, 'Santa Tereza de Goias', 9),
(2261, 'Santa Terezinha de Goias', 9),
(2262, 'Santo Antonio da Barra', 9),
(2263, 'Santo Antonio de Goias', 9),
(2264, 'Santo Antonio do Descoberto', 9),
(2265, 'Santo Antonio do Rio Verde', 9),
(2266, 'Sao Domingos', 9),
(2267, 'Sao Francisco de Goias', 9),
(2268, 'Sao Gabriel de Goias', 9),
(2269, 'Sao Joao', 9),
(2270, 'Sao Joao D''alianca', 9),
(2271, 'Sao Joao da Parauna', 9),
(2272, 'Sao Luis de Montes Belos', 9),
(2273, 'Sao Luiz do Norte', 9),
(2274, 'Sao Luiz do Tocantins', 9),
(2275, 'Sao Miguel do Araguaia', 9),
(2276, 'Sao Miguel do Passa Quatro', 9),
(2277, 'Sao Patricio', 9),
(2278, 'Sao Sebastiao do Rio Claro', 9),
(2279, 'Sao Simao', 9),
(2280, 'Sao Vicente', 9),
(2281, 'Sarandi', 9),
(2282, 'Senador Canedo', 9),
(2283, 'Serra Dourada', 9),
(2284, 'Serranopolis', 9),
(2285, 'Silvania', 9),
(2286, 'Simolandia', 9),
(2287, 'Sitio D''abadia', 9),
(2288, 'Sousania', 9),
(2289, 'Taquaral de Goias', 9),
(2290, 'Taveira', 9),
(2291, 'Teresina de Goias', 9),
(2292, 'Terezopolis de Goias', 9),
(2293, 'Termas do Itaja', 9),
(2294, 'Tres Ranchos', 9),
(2295, 'Trindade', 9),
(2296, 'Trombas', 9),
(2297, 'Tupiracaba', 9),
(2298, 'Turvania', 9),
(2299, 'Turvelandia', 9),
(2300, 'Uirapuru', 9),
(2301, 'Uruacu', 9),
(2302, 'Uruana', 9),
(2303, 'Uruita', 9),
(2304, 'Urutai', 9),
(2305, 'Uva', 9),
(2306, 'Valdelandia', 9),
(2307, 'Valparaiso de Goias', 9),
(2308, 'Varjao', 9),
(2309, 'Vianopolis', 9),
(2310, 'Vicentinopolis', 9),
(2311, 'Vila Boa', 9),
(2312, 'Vila Brasilia', 9),
(2313, 'Vila Propicio', 9),
(2314, 'Vila Sertaneja', 9),
(2315, 'Acailandia', 10),
(2316, 'Afonso Cunha', 10),
(2317, 'Agua Doce do Maranhao', 10),
(2318, 'Alcantara', 10),
(2319, 'Aldeias Altas', 10),
(2320, 'Altamira do Maranhao', 10),
(2321, 'Alto Alegre do Maranhao', 10),
(2322, 'Alto Alegre do Pindare', 10),
(2323, 'Alto Parnaiba', 10),
(2324, 'Amapa do Maranhao', 10),
(2325, 'Amarante do Maranhao', 10),
(2326, 'Anajatuba', 10),
(2327, 'Anapurus', 10),
(2328, 'Anil', 10),
(2329, 'Apicum-acu', 10),
(2330, 'Araguana', 10),
(2331, 'Araioses', 10),
(2332, 'Arame', 10),
(2333, 'Arari', 10),
(2334, 'Aurizona', 10),
(2335, 'Axixa', 10),
(2336, 'Bacabal', 10),
(2337, 'Bacabeira', 10),
(2338, 'Bacatuba', 10),
(2339, 'Bacuri', 10),
(2340, 'Bacurituba', 10),
(2341, 'Balsas', 10),
(2342, 'Barao de Grajau', 10),
(2343, 'Barao de Tromai', 10),
(2344, 'Barra do Corda', 10),
(2345, 'Barreirinhas', 10),
(2346, 'Barro Duro', 10),
(2347, 'Bela Vista do Maranhao', 10),
(2348, 'Belagua', 10),
(2349, 'Benedito Leite', 10),
(2350, 'Bequimao', 10),
(2351, 'Bernardo do Mearim', 10),
(2352, 'Boa Vista do Gurupi', 10),
(2353, 'Boa Vista do Pindare', 10),
(2354, 'Bom Jardim', 10),
(2355, 'Bom Jesus das Selvas', 10),
(2356, 'Bom Lugar', 10),
(2357, 'Bonfim do Arari', 10),
(2358, 'Brejo', 10),
(2359, 'Brejo de Areia', 10),
(2360, 'Brejo de Sao Felix', 10),
(2361, 'Buriti', 10),
(2362, 'Buriti Bravo', 10),
(2363, 'Buriti Cortado', 10),
(2364, 'Buriticupu', 10),
(2365, 'Buritirama', 10),
(2366, 'Cachoeira Grande', 10),
(2367, 'Cajapio', 10),
(2368, 'Cajari', 10),
(2369, 'Campestre do Maranhao', 10),
(2370, 'Candido Mendes', 10),
(2371, 'Cantanhede', 10),
(2372, 'Capinzal do Norte', 10),
(2373, 'Caraiba do Norte', 10),
(2374, 'Carolina', 10),
(2375, 'Carutapera', 10),
(2376, 'Caxias', 10),
(2377, 'Cedral', 10),
(2378, 'Central do Maranhao', 10),
(2379, 'Centro do Guilherme', 10),
(2380, 'Centro Novo do Maranhao', 10),
(2381, 'Chapadinha', 10),
(2382, 'Cidelandia', 10),
(2383, 'Codo', 10),
(2384, 'Codozinho', 10),
(2385, 'Coelho Neto', 10),
(2386, 'Colinas', 10),
(2387, 'Conceicao do Lago-acu', 10),
(2388, 'Coroata', 10),
(2389, 'Curupa', 10),
(2390, 'Cururupu', 10),
(2391, 'Curva Grande', 10),
(2392, 'Custodio Lima', 10),
(2393, 'Davinopolis', 10),
(2394, 'Dom Pedro', 10),
(2395, 'Duque Bacelar', 10),
(2396, 'Esperantinopolis', 10),
(2397, 'Estandarte', 10),
(2398, 'Estreito', 10),
(2399, 'Feira Nova do Maranhao', 10),
(2400, 'Fernando Falcao', 10),
(2401, 'Formosa da Serra Negra', 10),
(2402, 'Fortaleza dos Nogueiras', 10),
(2403, 'Fortuna', 10),
(2404, 'Frecheiras', 10),
(2405, 'Godofredo Viana', 10),
(2406, 'Goncalves Dias', 10),
(2407, 'Governador Archer', 10),
(2408, 'Governador Edison Lobao', 10),
(2409, 'Governador Eugenio Barros', 10),
(2410, 'Governador Luiz Rocha', 10),
(2411, 'Governador Newton Bello', 10),
(2412, 'Governador Nunes Freire', 10),
(2413, 'Graca Aranha', 10),
(2414, 'Grajau', 10),
(2415, 'Guimaraes', 10),
(2416, 'Humberto de Campos', 10),
(2417, 'Ibipira', 10),
(2418, 'Icatu', 10),
(2419, 'Igarape do Meio', 10),
(2420, 'Igarape Grande', 10),
(2421, 'Imperatriz', 10),
(2422, 'Itaipava do Grajau', 10),
(2423, 'Itamatare', 10),
(2424, 'Itapecuru Mirim', 10),
(2425, 'Itapera', 10),
(2426, 'Itinga do Maranhao', 10),
(2427, 'Jatoba', 10),
(2428, 'Jenipapo dos Vieiras', 10),
(2429, 'Joao Lisboa', 10),
(2430, 'Joselandia', 10),
(2431, 'Junco do Maranhao', 10),
(2432, 'Lago da Pedra', 10),
(2433, 'Lago do Junco', 10),
(2434, 'Lago dos Rodrigues', 10),
(2435, 'Lago Verde', 10),
(2436, 'Lagoa do Mato', 10),
(2437, 'Lagoa Grande do Maranhao', 10),
(2438, 'Lajeado Novo', 10),
(2439, 'Lapela', 10),
(2440, 'Leandro', 10),
(2441, 'Lima Campos', 10),
(2442, 'Loreto', 10),
(2443, 'Luis Domingues', 10),
(2444, 'Magalhaes de Almeida', 10),
(2445, 'Maioba', 10),
(2446, 'Maracacume', 10),
(2447, 'Maraja do Sena', 10),
(2448, 'Maranhaozinho', 10),
(2449, 'Marianopolis', 10),
(2450, 'Mata', 10),
(2451, 'Mata Roma', 10),
(2452, 'Matinha', 10),
(2453, 'Matoes', 10),
(2454, 'Matoes do Norte', 10),
(2455, 'Milagres do Maranhao', 10),
(2456, 'Mirador', 10),
(2457, 'Miranda do Norte', 10),
(2458, 'Mirinzal', 10),
(2459, 'Moncao', 10),
(2460, 'Montes Altos', 10),
(2461, 'Morros', 10),
(2462, 'Nina Rodrigues', 10),
(2463, 'Nova Colinas', 10),
(2464, 'Nova Iorque', 10),
(2465, 'Nova Olinda do Maranhao', 10),
(2466, 'Olho D''agua Das Cunhas', 10),
(2467, 'Olinda Nova do Maranhao', 10),
(2468, 'Paco do Lumiar', 10),
(2469, 'Palmeirandia', 10),
(2470, 'Papagaio', 10),
(2471, 'Paraibano', 10),
(2472, 'Parnarama', 10),
(2473, 'Passagem Franca', 10),
(2474, 'Pastos Bons', 10),
(2475, 'Paulino Neves', 10),
(2476, 'Paulo Ramos', 10),
(2477, 'Pedreiras', 10),
(2478, 'Pedro do Rosario', 10),
(2479, 'Penalva', 10),
(2480, 'Peri Mirim', 10),
(2481, 'Peritoro', 10),
(2482, 'Pimentel', 10),
(2483, 'Pindare Mirim', 10),
(2484, 'Pinheiro', 10),
(2485, 'Pio Xii', 10),
(2486, 'Pirapemas', 10),
(2487, 'Pocao de Pedras', 10),
(2488, 'Porto das Gabarras', 10),
(2489, 'Porto Franco', 10),
(2490, 'Porto Rico do Maranhao', 10),
(2491, 'Presidente Dutra', 10),
(2492, 'Presidente Juscelino', 10),
(2493, 'Presidente Medici', 10),
(2494, 'Presidente Sarney', 10),
(2495, 'Presidente Vargas', 10),
(2496, 'Primeira Cruz', 10),
(2497, 'Raposa', 10),
(2498, 'Resplandes', 10),
(2499, 'Riachao', 10),
(2500, 'Ribamar Fiquene', 10),
(2501, 'Ribeirao Azul', 10),
(2502, 'Rocado', 10),
(2503, 'Roque', 10),
(2504, 'Rosario', 10),
(2505, 'Sambaiba', 10),
(2506, 'Santa Filomena do Maranhao', 10),
(2507, 'Santa Helena', 10),
(2508, 'Santa Ines', 10),
(2509, 'Santa Luzia', 10),
(2510, 'Santa Luzia do Parua', 10),
(2511, 'Santa Quiteria do Maranhao', 10),
(2512, 'Santa Rita', 10),
(2513, 'Santana do Maranhao', 10),
(2514, 'Santo Amaro', 10),
(2515, 'Santo Antonio dos Lopes', 10),
(2516, 'Sao Benedito do Rio Preto', 10),
(2517, 'Sao Bento', 10),
(2518, 'Sao Bernardo', 10),
(2519, 'Sao Domingos do Azeitao', 10),
(2520, 'Sao Domingos do Maranhao', 10),
(2521, 'Sao Felix de Balsas', 10),
(2522, 'Sao Francisco do Brejao', 10),
(2523, 'Sao Francisco do Maranhao', 10),
(2524, 'Sao Joao Batista', 10),
(2525, 'Sao Joao de Cortes', 10),
(2526, 'Sao Joao do Caru', 10),
(2527, 'Sao Joao do Paraiso', 10),
(2528, 'Sao Joao do Soter', 10),
(2529, 'Sao Joao dos Patos', 10),
(2530, 'Sao Joaquim dos Melos', 10),
(2531, 'Sao Jose de Ribamar', 10),
(2532, 'Sao Jose dos Basilios', 10),
(2533, 'Sao Luis', 10),
(2534, 'Sao Luis Gonzaga do Maranhao', 10),
(2535, 'Sao Mateus do Maranhao', 10),
(2536, 'Sao Pedro da Agua Branca', 10),
(2537, 'Sao Pedro dos Crentes', 10),
(2538, 'Sao Raimundo das Mangabeiras', 10),
(2539, 'Sao Raimundo de Codo', 10),
(2540, 'Sao Raimundo do Doca Bezerra', 10),
(2541, 'Sao Roberto', 10),
(2542, 'Sao Vicente Ferrer', 10),
(2543, 'Satubinha', 10),
(2544, 'Senador Alexandre Costa', 10),
(2545, 'Senador La Rocque', 10),
(2546, 'Serrano do Maranhao', 10),
(2547, 'Sitio Novo', 10),
(2548, 'Sucupira do Norte', 10),
(2549, 'Sucupira do Riachao', 10),
(2550, 'Tasso Fragoso', 10),
(2551, 'Timbiras', 10),
(2552, 'Timon', 10),
(2553, 'Trizidela do Vale', 10),
(2554, 'Tufilandia', 10),
(2555, 'Tuntum', 10),
(2556, 'Turiacu', 10),
(2557, 'Turilandia', 10),
(2558, 'Tutoia', 10),
(2559, 'Urbano Santos', 10),
(2560, 'Vargem Grande', 10),
(2561, 'Viana', 10),
(2562, 'Vila Nova dos Martirios', 10),
(2563, 'Vitoria do Mearim', 10),
(2564, 'Vitorino Freire', 10),
(2565, 'Ze Doca', 10),
(2566, 'Abadia dos Dourados', 11),
(2567, 'Abaete', 11),
(2568, 'Abaete dos Mendes', 11),
(2569, 'Abaiba', 11),
(2570, 'Abre Campo', 11),
(2571, 'Abreus', 11),
(2572, 'Acaiaca', 11),
(2573, 'Acucena', 11),
(2574, 'Acurui', 11),
(2575, 'Adao Colares', 11),
(2576, 'Agua Boa', 11),
(2577, 'Agua Branca de Minas', 11),
(2578, 'Agua Comprida', 11),
(2579, 'Agua Viva', 11),
(2580, 'Aguanil', 11),
(2581, 'Aguas de Araxa', 11),
(2582, 'Aguas de Contendas', 11),
(2583, 'Aguas Ferreas', 11),
(2584, 'Aguas Formosas', 11),
(2585, 'Aguas Vermelhas', 11),
(2586, 'Aimores', 11),
(2587, 'Aiuruoca', 11),
(2588, 'Alagoa', 11),
(2589, 'Albertina', 11),
(2590, 'Alberto Isaacson', 11),
(2591, 'Albertos', 11),
(2592, 'Aldeia', 11),
(2593, 'Alegre', 11),
(2594, 'Alegria', 11),
(2595, 'Alem Paraiba', 11),
(2596, 'Alexandrita', 11),
(2597, 'Alfenas', 11),
(2598, 'Alfredo Vasconcelos', 11),
(2599, 'Almeida', 11),
(2600, 'Almenara', 11),
(2601, 'Alpercata', 11),
(2602, 'Alpinopolis', 11),
(2603, 'Alterosa', 11),
(2604, 'Alto Caparao', 11),
(2605, 'Alto Capim', 11),
(2606, 'Alto de Santa Helena', 11),
(2607, 'Alto Jequitiba', 11),
(2608, 'Alto Maranhao', 11),
(2609, 'Alto Rio Doce', 11),
(2610, 'Altolandia', 11),
(2611, 'Alvacao', 11),
(2612, 'Alvarenga', 11),
(2613, 'Alvinopolis', 11),
(2614, 'Alvorada', 11),
(2615, 'Alvorada de Minas', 11),
(2616, 'Amanda', 11),
(2617, 'Amanhece', 11),
(2618, 'Amarantina', 11),
(2619, 'Amparo da Serra', 11),
(2620, 'Andiroba', 11),
(2621, 'Andradas', 11),
(2622, 'Andrelandia', 11),
(2623, 'Andrequice', 11),
(2624, 'Angaturama', 11),
(2625, 'Angelandia', 11),
(2626, 'Angicos de Minas', 11),
(2627, 'Anguereta', 11),
(2628, 'Angustura', 11),
(2629, 'Antonio Carlos', 11),
(2630, 'Antonio Dias', 11),
(2631, 'Antonio dos Santos', 11),
(2632, 'Antonio Ferreira', 11),
(2633, 'Antonio Pereira', 11),
(2634, 'Antonio Prado de Minas', 11),
(2635, 'Antunes', 11),
(2636, 'Aparecida de Minas', 11),
(2637, 'Aracai', 11),
(2638, 'Aracati de Minas', 11),
(2639, 'Aracitaba', 11),
(2640, 'Aracuai', 11),
(2641, 'Araguari', 11),
(2642, 'Aramirim', 11),
(2643, 'Aranha', 11),
(2644, 'Arantina', 11),
(2645, 'Araponga', 11),
(2646, 'Arapora', 11),
(2647, 'Arapua', 11),
(2648, 'Araujos', 11),
(2649, 'Arauna', 11),
(2650, 'Araxa', 11),
(2651, 'Arcangelo', 11),
(2652, 'Arceburgo', 11),
(2653, 'Arcos', 11),
(2654, 'Areado', 11),
(2655, 'Argenita', 11),
(2656, 'Argirita', 11),
(2657, 'Aricanduva', 11),
(2658, 'Arinos', 11),
(2659, 'Aristides Batista', 11),
(2660, 'Ascencao', 11),
(2661, 'Assarai', 11),
(2662, 'Astolfo Dutra', 11),
(2663, 'Ataleia', 11),
(2664, 'Augusto de Lima', 11),
(2665, 'Avai do Jacinto', 11),
(2666, 'Azurita', 11),
(2667, 'Babilonia', 11),
(2668, 'Bacao', 11),
(2669, 'Baependi', 11),
(2670, 'Baguari', 11),
(2671, 'Baioes', 11),
(2672, 'Baixa', 11),
(2673, 'Balbinopolis', 11),
(2674, 'Baldim', 11),
(2675, 'Bambui', 11),
(2676, 'Bandeira', 11),
(2677, 'Bandeira do Sul', 11),
(2678, 'Bandeirantes', 11),
(2679, 'Barao de Cocais', 11),
(2680, 'Barao de Monte Alto', 11),
(2681, 'Barbacena', 11),
(2682, 'Barra Alegre', 11),
(2683, 'Barra da Figueira', 11),
(2684, 'Barra do Ariranha', 11),
(2685, 'Barra do Cuiete', 11),
(2686, 'Barra Feliz', 11),
(2687, 'Barra Longa', 11),
(2688, 'Barranco Alto', 11),
(2689, 'Barreiro', 11),
(2690, 'Barreiro Branco', 11),
(2691, 'Barreiro da Raiz', 11),
(2692, 'Barreiro do Rio Verde', 11),
(2693, 'Barretos de Alvinopolis', 11),
(2694, 'Barrocao', 11),
(2695, 'Barroso', 11),
(2696, 'Bau', 11),
(2697, 'Bela Vista de Minas', 11),
(2698, 'Belisario', 11),
(2699, 'Belmiro Braga', 11),
(2700, 'Belo Horizonte', 11),
(2701, 'Belo Oriente', 11),
(2702, 'Belo Vale', 11),
(2703, 'Bentopolis de Minas', 11),
(2704, 'Berilo', 11),
(2705, 'Berizal', 11),
(2706, 'Bertopolis', 11),
(2707, 'Betim', 11),
(2708, 'Bias Fortes', 11),
(2709, 'Bicas', 11),
(2710, 'Bicuiba', 11),
(2711, 'Biquinhas', 11),
(2712, 'Bituri', 11),
(2713, 'Boa Esperanca', 11),
(2714, 'Boa Familia', 11),
(2715, 'Boa Uniao de Itabirinha', 11),
(2716, 'Boa Vista de Minas', 11),
(2717, 'Bocaina de Minas', 11),
(2718, 'Bocaiuva', 11),
(2719, 'Bom Despacho', 11),
(2720, 'Bom Jardim de Minas', 11),
(2721, 'Bom Jesus da Cachoeira', 11),
(2722, 'Bom Jesus da Penha', 11),
(2723, 'Bom Jesus de Cardosos', 11),
(2724, 'Bom Jesus do Amparo', 11),
(2725, 'Bom Jesus do Divino', 11),
(2726, 'Bom Jesus do Galho', 11),
(2727, 'Bom Jesus do Madeira', 11),
(2728, 'Bom Pastor', 11),
(2729, 'Bom Repouso', 11),
(2730, 'Bom Retiro', 11),
(2731, 'Bom Sucesso', 11),
(2732, 'Bom Sucesso de Patos', 11),
(2733, 'Bonanca', 11),
(2734, 'Bonfim', 11),
(2735, 'Bonfinopolis de Minas', 11),
(2736, 'Bonito de Minas', 11),
(2737, 'Borba Gato', 11),
(2738, 'Borda da Mata', 11),
(2739, 'Botelhos', 11),
(2740, 'Botumirim', 11),
(2741, 'Bras Pires', 11),
(2742, 'Brasilandia de Minas', 11),
(2743, 'Brasilia de Minas', 11),
(2744, 'Brasopolis', 11),
(2745, 'Braunas', 11),
(2746, 'Brejauba', 11),
(2747, 'Brejaubinha', 11),
(2748, 'Brejo Bonito', 11),
(2749, 'Brejo do Amparo', 11),
(2750, 'Brumadinho', 11),
(2751, 'Brumal', 11),
(2752, 'Buarque de Macedo', 11),
(2753, 'Bueno', 11),
(2754, 'Bueno Brandao', 11),
(2755, 'Buenopolis', 11),
(2756, 'Bugre', 11),
(2757, 'Buritis', 11),
(2758, 'Buritizeiro', 11),
(2759, 'Caatinga', 11),
(2760, 'Cabeceira Grande', 11),
(2761, 'Cabo Verde', 11),
(2762, 'Caburu', 11),
(2763, 'Cacaratiba', 11),
(2764, 'Cacarema', 11),
(2765, 'Cachoeira Alegre', 11),
(2766, 'Cachoeira da Prata', 11),
(2767, 'Cachoeira de Minas', 11),
(2768, 'Cachoeira de Pajeu', 11),
(2769, 'Cachoeira de Santa Cruz', 11),
(2770, 'Cachoeira do Brumado', 11),
(2771, 'Cachoeira do Campo', 11),
(2772, 'Cachoeira do Manteiga', 11),
(2773, 'Cachoeira do Vale', 11),
(2774, 'Cachoeira dos Antunes', 11),
(2775, 'Cachoeira Dourada', 11),
(2776, 'Cachoeirinha', 11),
(2777, 'Caetano Lopes', 11),
(2778, 'Caetanopolis', 11),
(2779, 'Caete', 11),
(2780, 'Caiana', 11),
(2781, 'Caiapo', 11),
(2782, 'Cajuri', 11),
(2783, 'Caldas', 11),
(2784, 'Calixto', 11),
(2785, 'Camacho', 11),
(2786, 'Camanducaia', 11),
(2787, 'Camargos', 11),
(2788, 'Cambui', 11),
(2789, 'Cambuquira', 11),
(2790, 'Campanario', 11),
(2791, 'Campanha', 11),
(2792, 'Campestre', 11),
(2793, 'Campestrinho', 11),
(2794, 'Campina Verde', 11),
(2795, 'Campo Alegre de Minas', 11),
(2796, 'Campo Azul', 11),
(2797, 'Campo Belo', 11),
(2798, 'Campo do Meio', 11),
(2799, 'Campo Florido', 11),
(2800, 'Campo Redondo', 11),
(2801, 'Campolide', 11),
(2802, 'Campos Altos', 11),
(2803, 'Campos Gerais', 11),
(2804, 'Cana Verde', 11),
(2805, 'Canaa', 11),
(2806, 'Canabrava', 11),
(2807, 'Canapolis', 11),
(2808, 'Canastrao', 11),
(2809, 'Candeias', 11),
(2810, 'Canoeiros', 11),
(2811, 'Cantagalo', 11),
(2812, 'Caparao', 11),
(2813, 'Capela Nova', 11),
(2814, 'Capelinha', 11),
(2815, 'Capetinga', 11),
(2816, 'Capim Branco', 11),
(2817, 'Capinopolis', 11),
(2818, 'Capitania', 11),
(2819, 'Capitao Andrade', 11),
(2820, 'Capitao Eneas', 11),
(2821, 'Capitolio', 11),
(2822, 'Caputira', 11),
(2823, 'Carai', 11),
(2824, 'Caranaiba', 11),
(2825, 'Carandai', 11),
(2826, 'Carangola', 11),
(2827, 'Caratinga', 11),
(2828, 'Carbonita', 11),
(2829, 'Cardeal Mota', 11),
(2830, 'Careacu', 11),
(2831, 'Carioca', 11),
(2832, 'Carlos Alves', 11),
(2833, 'Carlos Chagas', 11),
(2834, 'Carmesia', 11),
(2835, 'Carmo da Cachoeira', 11),
(2836, 'Carmo da Mata', 11),
(2837, 'Carmo de Minas', 11),
(2838, 'Carmo do Cajuru', 11),
(2839, 'Carmo do Paranaiba', 11),
(2840, 'Carmo do Rio Claro', 11),
(2841, 'Carmopolis de Minas', 11),
(2842, 'Carneirinho', 11),
(2843, 'Carrancas', 11),
(2844, 'Carvalho de Brito', 11),
(2845, 'Carvalhopolis', 11),
(2846, 'Carvalhos', 11),
(2847, 'Casa Grande', 11),
(2848, 'Cascalho Rico', 11),
(2849, 'Cassia', 11),
(2850, 'Cataguarino', 11);

-- --------------------------------------------------------

--
-- Table structure for table `contatos`
--

CREATE TABLE `contatos` (
  `idContato` int(11) NOT NULL,
  `Pessoas_idPessoa` int(11) NOT NULL,
  `ContatoNome` varchar(200) NOT NULL,
  `ContatoObs` varchar(500) DEFAULT NULL,
  `ContatoPrincipal` tinyint(1) NOT NULL DEFAULT '0',
  `Cargos_idCargo` int(11) NOT NULL,
  `Setores_idSetor` int(11) NOT NULL
) ENGINE=InnoDB DEFAULT CHARSET=utf8;

--
-- Dumping data for table `contatos`
--

INSERT INTO `contatos` (`idContato`, `Pessoas_idPessoa`, `ContatoNome`, `ContatoObs`, `ContatoPrincipal`, `Cargos_idCargo`, `Setores_idSetor`) VALUES
(2, 1, 'Guilherme', NULL, 1, 1, 1);

-- --------------------------------------------------------

--
-- Table structure for table `contatoscargos`
--

CREATE TABLE `contatoscargos` (
  `idContatosCargos` int(11) NOT NULL,
  `CodContatos` int(11) NOT NULL,
  `CodCargos` varchar(45) DEFAULT NULL
) ENGINE=InnoDB DEFAULT CHARSET=utf8;

-- --------------------------------------------------------

--
-- Table structure for table `emails`
--

CREATE TABLE `emails` (
  `idEmail` int(11) NOT NULL,
  `EmailEndereco` varchar(100) NOT NULL,
  `EmailPrincipal` tinyint(1) NOT NULL DEFAULT '0',
  `Contatos_idContato` int(11) NOT NULL,
  `EmailSenha` varchar(255) NOT NULL
) ENGINE=InnoDB DEFAULT CHARSET=utf8;

--
-- Dumping data for table `emails`
--

INSERT INTO `emails` (`idEmail`, `EmailEndereco`, `EmailPrincipal`, `Contatos_idContato`, `EmailSenha`) VALUES
(1, 'gui@gmail.com', 1, 2, '$2y$12$J8RixIyxtlYEj6nNWxA/ee1nEST4LIP22Yg5eNsFlxrCq/Wehawy2');

-- --------------------------------------------------------

--
-- Table structure for table `estados`
--

CREATE TABLE `estados` (
  `idEstado` int(11) NOT NULL,
  `EstadoNome` varchar(45) NOT NULL,
  `EstadoSigla` varchar(2) NOT NULL,
  `Paises_idPais` int(11) NOT NULL
) ENGINE=InnoDB DEFAULT CHARSET=utf8;

--
-- Dumping data for table `estados`
--

INSERT INTO `estados` (`idEstado`, `EstadoNome`, `EstadoSigla`, `Paises_idPais`) VALUES
(1, 'Acre', 'AC', 240),
(2, 'Alagoas', 'AL', 240),
(3, 'Amazonas', 'AM', 240),
(4, 'Amap', 'AP', 240),
(5, 'Bahia', 'BA', 240),
(6, 'Cear', 'CE', 240),
(7, 'Distrito Federal', 'DF', 240),
(8, 'Esprito Santo', 'ES', 240),
(9, 'Gois', 'GO', 240),
(10, 'Maranho', 'MA', 240),
(11, 'Minas Gerais', 'MG', 240),
(12, 'Mato Grosso do Sul', 'MS', 240),
(13, 'Mato Grosso', 'MT', 240),
(14, 'Par', 'PA', 240),
(15, 'Paraba', 'PB', 240),
(16, 'Pernambuco', 'PE', 240),
(17, 'Piau', 'PI', 240),
(18, 'Paran', 'PR', 240),
(19, 'Rio de Janeiro', 'RJ', 240),
(20, 'Rio Grande do Norte', 'RN', 240),
(21, 'Rondnia', 'RO', 240),
(22, 'Roraima', 'RR', 240),
(23, 'Rio Grande do Sul', 'RS', 240),
(24, 'Santa Catarina', 'SC', 240),
(25, 'Sergipe', 'SE', 240),
(26, 'So Paulo', 'SP', 240),
(27, 'Tocantins', 'TO', 240);

-- --------------------------------------------------------

--
-- Table structure for table `paises`
--

CREATE TABLE `paises` (
  `idPais` int(11) NOT NULL,
  `PaisNome` varchar(255) NOT NULL,
  `PaisLang` varchar(2) DEFAULT NULL
) ENGINE=InnoDB DEFAULT CHARSET=utf8;

--
-- Dumping data for table `paises`
--

INSERT INTO `paises` (`idPais`, `PaisNome`, `PaisLang`) VALUES
(1, 'Algeria', 'en'),
(2, 'Argelia', 'es'),
(3, 'Arglia', 'pt'),
(4, 'Angola', 'en'),
(5, 'Angola', 'es'),
(6, 'Angola', 'pt'),
(7, 'Benin', 'en'),
(8, 'Benin', 'es'),
(9, 'Benin', 'pt'),
(10, 'Botswana', 'en'),
(11, 'Botswana', 'es'),
(12, 'Botsuana', 'pt'),
(13, 'Burkina', 'en'),
(14, 'Burkina Faso', 'es'),
(15, 'Burkina Faso', 'pt'),
(16, 'Burundi', 'en'),
(17, 'Burundi', 'es'),
(18, 'Burundi', 'pt'),
(19, 'Cameroon', 'en'),
(20, 'Camern', 'es'),
(21, 'Camares', 'pt'),
(22, 'Cape Verde', 'en'),
(23, 'Cabo Verde', 'es'),
(24, 'Cabo Verde', 'pt'),
(25, 'Central African Republic', 'en'),
(26, 'Repblica Centroafricana', 'es'),
(27, 'Repblica Centro-Africana', 'pt'),
(28, 'Chad', 'en'),
(29, 'Chad', 'es'),
(30, 'Chade', 'pt'),
(31, 'Comoros', 'en'),
(32, 'Comoras', 'es'),
(33, 'Ilhas Comores', 'pt'),
(34, 'Congo', 'en'),
(35, 'Congo', 'es'),
(36, 'Congo', 'pt'),
(37, 'Congo, Democratic Republic of', 'en'),
(38, 'Repblica Democrtica del Congo', 'es'),
(39, 'Repblica Democrtica do Congo', 'pt'),
(40, 'Djibouti', 'en'),
(41, 'Djibouti', 'es'),
(42, 'Djibuti', 'pt'),
(43, 'Egypt', 'en'),
(44, 'Egipto', 'es'),
(45, 'Egito', 'pt'),
(46, 'Equatorial Guinea', 'en'),
(47, 'Guinea Ecuatorial', 'es'),
(48, 'Guin Equatorial', 'pt'),
(49, 'Eritrea', 'en'),
(50, 'Eritrea', 'es'),
(51, 'Eritreia', 'pt'),
(52, 'Ethiopia', 'en'),
(53, 'Etiopa', 'es'),
(54, 'Etipia', 'pt'),
(55, 'Gabon', 'en'),
(56, 'Gabn', 'es'),
(57, 'Gabo', 'pt'),
(58, 'Gambia', 'en'),
(59, 'Gambia', 'es'),
(60, 'Gmbia', 'pt'),
(61, 'Ghana', 'en'),
(62, 'Ghana', 'es'),
(63, 'Gana', 'pt'),
(64, 'Guinea', 'en'),
(65, 'Guinea', 'es'),
(66, 'Guin', 'pt'),
(67, 'Guinea-Bissau', 'en'),
(68, 'Guinea-Bissau', 'es'),
(69, 'Guin-Bissau', 'pt'),
(70, 'Ivory Coast', 'en'),
(71, 'Costa de Marfil', 'es'),
(72, 'Costa do Marfim', 'pt'),
(73, 'Kenya', 'en'),
(74, 'Kenia', 'es'),
(75, 'Qunia', 'pt'),
(76, 'Lesotho', 'en'),
(77, 'Lesoto', 'es'),
(78, 'Lesoto', 'pt'),
(79, 'Liberia', 'en'),
(80, 'Liberia', 'es'),
(81, 'Libria', 'pt'),
(82, 'Libya', 'en'),
(83, 'Libia', 'es'),
(84, 'Lbia', 'pt'),
(85, 'Madagascar', 'en'),
(86, 'Madagascar', 'es'),
(87, 'Madagascar', 'pt'),
(88, 'Malawi', 'en'),
(89, 'Malawi', 'es'),
(90, 'Malawi', 'pt'),
(91, 'Mali', 'en'),
(92, 'Mal', 'es'),
(93, 'Mali', 'pt'),
(94, 'Mauritania', 'en'),
(95, 'Mauritania', 'es'),
(96, 'Mauritnia', 'pt'),
(97, 'Mauritius', 'en'),
(98, 'Mauricio', 'es'),
(99, 'Ilhas Mauricio', 'pt'),
(100, 'Morocco', 'en'),
(101, 'Marruecos', 'es'),
(102, 'Marrocos', 'pt'),
(103, 'Mozambique', 'en'),
(104, 'Mozambique', 'es'),
(105, 'Moambique', 'pt'),
(106, 'Namibia', 'en'),
(107, 'Namibia', 'es'),
(108, 'Nambia', 'pt'),
(109, 'Niger', 'en'),
(110, 'Nger', 'es'),
(111, 'Nger', 'pt'),
(112, 'Nigeria', 'en'),
(113, 'Nigeria', 'es'),
(114, 'Nigria', 'pt'),
(115, 'Rwanda', 'en'),
(116, 'Ruanda', 'es'),
(117, 'Ruanda', 'pt'),
(118, 'Sao Tome and Principe', 'en'),
(119, 'Santo Tom y Prncipe', 'es'),
(120, 'So Tom e Prncipe', 'pt'),
(121, 'Senegal', 'en'),
(122, 'Senegal', 'es'),
(123, 'Senegal', 'pt'),
(124, 'Seychelles', 'en'),
(125, 'Seychelles', 'es'),
(126, 'Ilhas Seychelles', 'pt'),
(127, 'Sierra Leone', 'en'),
(128, 'Sierra Leona', 'es'),
(129, 'Serra Leoa', 'pt'),
(130, 'Somalia', 'en'),
(131, 'Somalia', 'es'),
(132, 'Somlia', 'pt'),
(133, 'South Africa', 'en'),
(134, 'Sudfrica', 'es'),
(135, 'frica do Sul', 'pt'),
(136, 'South Sudan', 'en'),
(137, 'Sudn del Sur', 'es'),
(138, 'Sudo do Sul', 'pt'),
(139, 'Sudan', 'en'),
(140, 'Sudn', 'es'),
(141, 'Sudo', 'pt'),
(142, 'Swaziland', 'en'),
(143, 'Swazilandia', 'es'),
(144, 'Suazilndia', 'pt'),
(145, 'Tanzania', 'en'),
(146, 'Tanzania', 'es'),
(147, 'Tanznia', 'pt'),
(148, 'Togo', 'en'),
(149, 'Togo', 'es'),
(150, 'Togo', 'pt'),
(151, 'Tunisia', 'en'),
(152, 'Tnez', 'es'),
(153, 'Tunsia', 'pt'),
(154, 'Uganda', 'en'),
(155, 'Uganda', 'es'),
(156, 'Uganda', 'pt'),
(157, 'Zambia', 'en'),
(158, 'Zambia', 'es'),
(159, 'Zmbia', 'pt'),
(160, 'Zimbabwe', 'en'),
(161, 'Zimbabue', 'es'),
(162, 'Zimbbue', 'pt'),
(163, 'Antigua and Barbuda', 'en'),
(164, 'Antigua y Barbuda', 'es'),
(165, 'Antgua e Barbuda', 'pt'),
(166, 'Bahamas', 'en'),
(167, 'Bahamas', 'es'),
(168, 'Bahamas', 'pt'),
(169, 'Barbados', 'en'),
(170, 'Barbados', 'es'),
(171, 'Barbados', 'pt'),
(172, 'Belize', 'en'),
(173, 'Belice', 'es'),
(174, 'Belize', 'pt'),
(175, 'Costa Rica', 'en'),
(176, 'Costa Rica', 'es'),
(177, 'Costa Rica', 'pt'),
(178, 'Cuba', 'en'),
(179, 'Cuba', 'es'),
(180, 'Cuba', 'pt'),
(181, 'Dominica', 'en'),
(182, 'Dominica', 'es'),
(183, 'Dominica', 'pt'),
(184, 'Dominican Republic', 'en'),
(185, 'Repblica Dominicana', 'es'),
(186, 'Repblica Dominicana', 'pt'),
(187, 'El Salvador', 'en'),
(188, 'El Salvador', 'es'),
(189, 'El Salvador', 'pt'),
(190, 'Grenada', 'en'),
(191, 'Granada', 'es'),
(192, 'Granada', 'pt'),
(193, 'Guatemala', 'en'),
(194, 'Guatemala', 'es'),
(195, 'Guatemala', 'pt'),
(196, 'Haiti', 'en'),
(197, 'Hait', 'es'),
(198, 'Haiti', 'pt'),
(199, 'Honduras', 'en'),
(200, 'Honduras', 'es'),
(201, 'Honduras', 'pt'),
(202, 'Jamaica', 'en'),
(203, 'Jamaica', 'es'),
(204, 'Jamaica', 'pt'),
(205, 'Nicaragua', 'en'),
(206, 'Nicaragua', 'es'),
(207, 'Nicargua', 'pt'),
(208, 'Panama', 'en'),
(209, 'Panam', 'es'),
(210, 'Panam', 'pt'),
(211, 'Saint Kitts and Nevis', 'en'),
(212, 'Saint Kitts y Nevis', 'es'),
(213, 'So Cristvo e Nevis', 'pt'),
(214, 'Saint Lucia', 'en'),
(215, 'Santa Lucia', 'es'),
(216, 'Santa Lcia', 'pt'),
(217, 'Saint Vincent and the Grenadines', 'en'),
(218, 'San Vicente y las Granadinas', 'es'),
(219, 'So Vicente e Granadinas', 'pt'),
(220, 'Trinidad and Tobago', 'en'),
(221, 'Trinidad y Tobago', 'es'),
(222, 'Trinidad e Tobago', 'pt'),
(223, 'Canada', 'en'),
(224, 'Canad', 'es'),
(225, 'Canad', 'pt'),
(226, 'Mexico', 'en'),
(227, 'Mxico', 'es'),
(228, 'Mxico', 'pt'),
(229, 'United States', 'en'),
(230, 'Estados Unidos', 'es'),
(231, 'Estados Unidos', 'pt'),
(232, 'Argentina', 'en'),
(233, 'Argentina', 'es'),
(234, 'Argentina', 'pt'),
(235, 'Bolivia', 'en'),
(236, 'Bolivia', 'es'),
(237, 'Bolvia', 'pt'),
(238, 'Brazil', 'en'),
(239, 'Brasil', 'es'),
(240, 'Brasil', 'pt'),
(241, 'Chile', 'en'),
(242, 'Chile', 'es'),
(243, 'Chile', 'pt'),
(244, 'Colombia', 'en'),
(245, 'Colombia', 'es'),
(246, 'Colmbia', 'pt'),
(247, 'Ecuador', 'en'),
(248, 'Ecuador', 'es'),
(249, 'Equador', 'pt'),
(250, 'Guyana', 'en'),
(251, 'Guayana', 'es'),
(252, 'Guiana', 'pt'),
(253, 'Paraguay', 'en'),
(254, 'Paraguay', 'es'),
(255, 'Paraguai', 'pt'),
(256, 'Peru', 'en'),
(257, 'Per', 'es'),
(258, 'Peru', 'pt'),
(259, 'Suriname', 'en'),
(260, 'Surinam', 'es'),
(261, 'Suriname', 'pt'),
(262, 'Uruguay', 'en'),
(263, 'Uruguay', 'es'),
(264, 'Uruguai', 'pt'),
(265, 'Venezuela', 'en'),
(266, 'Venezuela', 'es'),
(267, 'Venezuela', 'pt'),
(268, 'Afghanistan', 'en'),
(269, 'Afganistn', 'es'),
(270, 'Afeganisto', 'pt'),
(271, 'Bahrain', 'en'),
(272, 'Bahrin', 'es'),
(273, 'Bahrein', 'pt'),
(274, 'Bangladesh', 'en'),
(275, 'Bangladesh', 'es'),
(276, 'Bangladesh', 'pt'),
(277, 'Bhutan', 'en'),
(278, 'Butn', 'es'),
(279, 'Buto', 'pt'),
(280, 'Brunei', 'en'),
(281, 'Brunei', 'es'),
(282, 'Brunei', 'pt'),
(283, 'Burma (mar)', 'en'),
(284, 'Myanmar', 'es'),
(285, 'Myanmar', 'pt'),
(286, 'Cambodia', 'en'),
(287, 'Camboya', 'es'),
(288, 'Camboja', 'pt'),
(289, 'China', 'en'),
(290, 'China', 'es'),
(291, 'China', 'pt'),
(292, 'East Timor', 'en'),
(293, 'Timor Oriental', 'es'),
(294, 'Timor Leste', 'pt'),
(295, 'India', 'en'),
(296, 'India', 'es'),
(297, 'ndia', 'pt'),
(298, 'Indonesia', 'en'),
(299, 'Indonesia', 'es'),
(300, 'Indonsia', 'pt'),
(301, 'Iran', 'en'),
(302, 'Irn', 'es'),
(303, 'Ir', 'pt'),
(304, 'Iraq', 'en'),
(305, 'Irak', 'es'),
(306, 'Iraque', 'pt'),
(307, 'Israel', 'en'),
(308, 'Israel', 'es'),
(309, 'Israel', 'pt'),
(310, 'Japan', 'en'),
(311, 'Japn', 'es'),
(312, 'Japo', 'pt'),
(313, 'Jordan', 'en'),
(314, 'Jordania', 'es'),
(315, 'Jordnia', 'pt'),
(316, 'Kazakhstan', 'en'),
(317, 'Kazajstn', 'es'),
(318, 'Cazaquisto', 'pt'),
(319, 'Korea, North', 'en'),
(320, 'Corea del Norte', 'es'),
(321, 'Coreia do Norte', 'pt'),
(322, 'Korea, South', 'en'),
(323, 'Corea del Sur', 'es'),
(324, 'Coreia do Sul', 'pt'),
(325, 'Kuwait', 'en'),
(326, 'Kuwait', 'es'),
(327, 'Kuwait', 'pt'),
(328, 'Kyrgyzstan', 'en'),
(329, 'Kirguistn', 'es'),
(330, 'Quirguisto', 'pt'),
(331, 'Laos', 'en'),
(332, 'Laos', 'es'),
(333, 'Laos', 'pt'),
(334, 'Lebanon', 'en'),
(335, 'Lbano', 'es'),
(336, 'Lbano', 'pt'),
(337, 'Malaysia', 'en'),
(338, 'Malasia', 'es'),
(339, 'Malsia', 'pt'),
(340, 'Maldives', 'en'),
(341, 'Maldivas', 'es'),
(342, 'Ilhas Maldivas', 'pt'),
(343, 'Mongolia', 'en'),
(344, 'Mongolia', 'es'),
(345, 'Monglia', 'pt'),
(346, 'Nepal', 'en'),
(347, 'Nepal', 'es'),
(348, 'Nepal', 'pt'),
(349, 'Oman', 'en'),
(350, 'Omn', 'es'),
(351, 'Om', 'pt'),
(352, 'Pakistan', 'en'),
(353, 'Pakistn', 'es'),
(354, 'Paquisto', 'pt'),
(355, 'Philippines', 'en'),
(356, 'Filipinas', 'es'),
(357, 'Filipinas', 'pt'),
(358, 'Qatar', 'en'),
(359, 'Katar', 'es'),
(360, 'Catar', 'pt'),
(361, 'Russian Federation', 'en'),
(362, 'Rusia', 'es'),
(363, 'Rssia', 'pt'),
(364, 'Saudi Arabia', 'en'),
(365, 'Arabia Saudita', 'es'),
(366, 'Arbia Saudita', 'pt'),
(367, 'Singapore', 'en'),
(368, 'Singapur', 'es'),
(369, 'Singapura', 'pt'),
(370, 'Sri Lanka', 'en'),
(371, 'Sri Lanka', 'es'),
(372, 'Sri Lanka', 'pt'),
(373, 'Syria', 'en'),
(374, 'Siria', 'es'),
(375, 'Sria', 'pt'),
(376, 'Tajikistan', 'en'),
(377, 'Tayikistn', 'es'),
(378, 'Tadjiquisto', 'pt'),
(379, 'Thailand', 'en'),
(380, 'Tailandia', 'es'),
(381, 'Tailndia', 'pt'),
(382, 'Turkey', 'en'),
(383, 'Turqua', 'es'),
(384, 'Turquia', 'pt'),
(385, 'Turkmenistan', 'en'),
(386, 'Turkmenistn', 'es'),
(387, 'Turcomenisto', 'pt'),
(388, 'United Arab Emirates', 'en'),
(389, 'Emiratos rabes Unidos', 'es'),
(390, 'Emirados rabes Unidos', 'pt'),
(391, 'Uzbekistan', 'en'),
(392, 'Uzbekistn', 'es'),
(393, 'Uzbequisto', 'pt'),
(394, 'Vietnam', 'en'),
(395, 'Vietnam', 'es'),
(396, 'Vietn', 'pt'),
(397, 'Yemen', 'en'),
(398, 'Yemen', 'es'),
(399, 'Imen', 'pt'),
(400, 'Albania', 'en'),
(401, 'Albania', 'es'),
(402, 'Albnia', 'pt'),
(403, 'Andorra', 'en'),
(404, 'Andorra', 'es'),
(405, 'Andorra', 'pt'),
(406, 'Armenia', 'en'),
(407, 'Armenia', 'es'),
(408, 'Armnia', 'pt'),
(409, 'Austria', 'en'),
(410, 'Austria', 'es'),
(411, 'ustria', 'pt'),
(412, 'Azerbaijan', 'en'),
(413, 'Azerbaiyn', 'es'),
(414, 'Azerbaijo', 'pt'),
(415, 'Belarus', 'en'),
(416, 'Bielorrusia', 'es'),
(417, 'Bielorrsia', 'pt'),
(418, 'Belgium', 'en'),
(419, 'Blgica', 'es'),
(420, 'Blgica', 'pt'),
(421, 'Bosnia and Herzegovina', 'en'),
(422, 'Bosnia y Herzegovina', 'es'),
(423, 'Bsnia-Herzegovina', 'pt'),
(424, 'Bulgaria', 'en'),
(425, 'Bulgaria', 'es'),
(426, 'Bulgria', 'pt'),
(427, 'Croatia', 'en'),
(428, 'Croacia', 'es'),
(429, 'Crocia', 'pt'),
(430, 'Cyprus', 'en'),
(431, 'Chipre', 'es'),
(432, 'Chipre', 'pt'),
(433, 'Czech Republic', 'en'),
(434, 'Repblica Checa', 'es'),
(435, 'Repblica Tcheca', 'pt'),
(436, 'Denmark', 'en'),
(437, 'Dinamarca', 'es'),
(438, 'Dinamarca', 'pt'),
(439, 'Estonia', 'en'),
(440, 'Estonia', 'es'),
(441, 'Estnia', 'pt'),
(442, 'Finland', 'en'),
(443, 'Finlandia', 'es'),
(444, 'Finlndia', 'pt'),
(445, 'France', 'en'),
(446, 'Francia', 'es'),
(447, 'Frana', 'pt'),
(448, 'Georgia', 'en'),
(449, 'Georgia', 'es'),
(450, 'Gergia', 'pt'),
(451, 'Germany', 'en'),
(452, 'Alemania', 'es'),
(453, 'Alemanha', 'pt'),
(454, 'Greece', 'en'),
(455, 'Grecia', 'es'),
(456, 'Grcia', 'pt'),
(457, 'Hungary', 'en'),
(458, 'Hungra', 'es'),
(459, 'Hungria', 'pt'),
(460, 'Iceland', 'en'),
(461, 'Islandia', 'es'),
(462, 'Islndia', 'pt'),
(463, 'Ireland', 'en'),
(464, 'Irlanda', 'es'),
(465, 'Irlanda', 'pt'),
(466, 'Italy', 'en'),
(467, 'Italia', 'es'),
(468, 'Itlia', 'pt'),
(469, 'Latvia', 'en'),
(470, 'Letonia', 'es'),
(471, 'Letnia', 'pt'),
(472, 'Liechtenstein', 'en'),
(473, 'Liechtenstein', 'es'),
(474, 'Liechtenstein', 'pt'),
(475, 'Lithuania', 'en'),
(476, 'Lituania', 'es'),
(477, 'Litunia', 'pt'),
(478, 'Luxembourg', 'en'),
(479, 'Luxemburgo', 'es'),
(480, 'Luxemburgo', 'pt'),
(481, 'Macedonia', 'en'),
(482, 'Macedonia', 'es'),
(483, 'Macednia', 'pt'),
(484, 'Malta', 'en'),
(485, 'Malta', 'es'),
(486, 'Malta', 'pt'),
(487, 'Moldova', 'en'),
(488, 'Moldavia', 'es'),
(489, 'Moldvia', 'pt'),
(490, 'Monaco', 'en'),
(491, 'Mnaco', 'es'),
(492, 'Mnaco', 'pt'),
(493, 'Montenegro', 'en'),
(494, 'Montenegro', 'es'),
(495, 'Montenegro', 'pt'),
(496, 'Netherlands', 'en'),
(497, 'Pases Bajos', 'es'),
(498, 'Holanda', 'pt'),
(499, 'Norway', 'en'),
(500, 'Noruega', 'es'),
(501, 'Noruega', 'pt'),
(502, 'Poland', 'en'),
(503, 'Polonia', 'es'),
(504, 'Polnia', 'pt'),
(505, 'Portugal', 'en'),
(506, 'Portugal', 'es'),
(507, 'Portugal', 'pt'),
(508, 'Romania', 'en'),
(509, 'Rumania', 'es'),
(510, 'Romnia', 'pt'),
(511, 'San Marino', 'en'),
(512, 'San Marino', 'es'),
(513, 'San Marino', 'pt'),
(514, 'Serbia', 'en'),
(515, 'Serbia', 'es'),
(516, 'Srvia', 'pt'),
(517, 'Slovakia', 'en'),
(518, 'Eslovaquia', 'es'),
(519, 'Eslovquia', 'pt'),
(520, 'Slovenia', 'en'),
(521, 'Eslovenia', 'es'),
(522, 'Eslovnia', 'pt'),
(523, 'Spain', 'en'),
(524, 'Espaa', 'es'),
(525, 'Espanha', 'pt'),
(526, 'Sweden', 'en'),
(527, 'Suecia', 'es'),
(528, 'Sucia', 'pt'),
(529, 'Switzerland', 'en'),
(530, 'Suiza', 'es'),
(531, 'Sua', 'pt'),
(532, 'Ukraine', 'en'),
(533, 'Ucrania', 'es'),
(534, 'Ucrnia', 'pt'),
(535, 'United Kingdom', 'en'),
(536, 'Reino Unido', 'es'),
(537, 'Reino Unido', 'pt'),
(538, 'Vatican City', 'en'),
(539, 'Vaticano', 'es'),
(540, 'Vaticano', 'pt'),
(541, 'Australia', 'en'),
(542, 'Australia', 'es'),
(543, 'Austrlia', 'pt'),
(544, 'Fiji', 'en'),
(545, 'Fiji', 'es'),
(546, 'Fiji', 'pt'),
(547, 'Kiribati', 'en'),
(548, 'Kiribati', 'es'),
(549, 'Kiribati', 'pt'),
(550, 'Marshall Islands', 'en'),
(551, 'Islas Marshall', 'es'),
(552, 'Ilhas Marshall', 'pt'),
(553, 'Micronesia', 'en'),
(554, 'Micronesia', 'es'),
(555, 'Micronsia', 'pt'),
(556, 'Nauru', 'en'),
(557, 'Nauru', 'es'),
(558, 'Nauru', 'pt'),
(559, 'New Zealand', 'en'),
(560, 'Nueva Zelandia', 'es'),
(561, 'Nova Zelndia', 'pt'),
(562, 'Palau', 'en'),
(563, 'Palau', 'es'),
(564, 'Palau', 'pt'),
(565, 'Papua New Guinea', 'en'),
(566, 'Papua Nueva Guinea', 'es'),
(567, 'Papua Nova Guin', 'pt'),
(568, 'Samoa', 'en'),
(569, 'Samoa', 'es'),
(570, 'Samoa', 'pt'),
(571, 'Solomon Islands', 'en'),
(572, 'Islas Salomn', 'es'),
(573, 'Ilhas Salomo', 'pt'),
(574, 'Tonga', 'en'),
(575, 'Tonga', 'es'),
(576, 'Tonga', 'pt'),
(577, 'Tuvalu', 'en'),
(578, 'Tuvalu', 'es'),
(579, 'Tuvalu', 'pt'),
(580, 'Vanuatu', 'en'),
(581, 'Vanuatu', 'es'),
(582, 'Vanuatu', 'pt');

-- --------------------------------------------------------

--
-- Table structure for table `pessoas`
--

CREATE TABLE `pessoas` (
  `idPessoa` int(11) NOT NULL,
  `PessoaTipo` int(11) NOT NULL,
  `PessoaNome` varchar(200) NOT NULL,
  `PessoaRazao` varchar(200) DEFAULT NULL,
  `PessoaFantasia` varchar(200) DEFAULT NULL,
  `PessoaBairro` varchar(255) NOT NULL,
  `PessoaLogradouro` varchar(255) NOT NULL,
  `PessoaNumero` varchar(10) NOT NULL,
  `PessoaComplemento` varchar(255) DEFAULT NULL,
  `PessoaTimestamp` timestamp NOT NULL DEFAULT CURRENT_TIMESTAMP ON UPDATE CURRENT_TIMESTAMP,
  `Cidades_idCidade` int(11) NOT NULL
) ENGINE=InnoDB DEFAULT CHARSET=utf8;

--
-- Dumping data for table `pessoas`
--

INSERT INTO `pessoas` (`idPessoa`, `PessoaTipo`, `PessoaNome`, `PessoaRazao`, `PessoaFantasia`, `PessoaBairro`, `PessoaLogradouro`, `PessoaNumero`, `PessoaComplemento`, `PessoaTimestamp`, `Cidades_idCidade`) VALUES
(1, 1, 'Guilherme', 'Guilherme Razo', 'Guilherme Fantasia', 'Vetorasso', 'Rua 1', '123', 'casa b', '0000-00-00 00:00:00', 1);

-- --------------------------------------------------------

--
-- Table structure for table `setores`
--

CREATE TABLE `setores` (
  `idSetor` int(11) NOT NULL,
  `SetorNome` varchar(100) NOT NULL
) ENGINE=InnoDB DEFAULT CHARSET=utf8;

--
-- Dumping data for table `setores`
--

INSERT INTO `setores` (`idSetor`, `SetorNome`) VALUES
(1, 'Administrativo');

-- --------------------------------------------------------

--
-- Table structure for table `telefones`
--

CREATE TABLE `telefones` (
  `idTelefone` int(11) NOT NULL,
  `Contatos_idContato` int(11) NOT NULL,
  `TelefoneTipo` varchar(45) NOT NULL,
  `TelefoneNumero` varchar(20) NOT NULL
) ENGINE=InnoDB DEFAULT CHARSET=utf8;

--
-- Indexes for dumped tables
--

--
-- Indexes for table `cargos`
--
ALTER TABLE `cargos`
  ADD PRIMARY KEY (`idCargo`);

--
-- Indexes for table `cidades`
--
ALTER TABLE `cidades`
  ADD PRIMARY KEY (`idCidade`,`Estados_idEstado`),
  ADD KEY `fk_Cidades_Estados1_idx` (`Estados_idEstado`);

--
-- Indexes for table `contatos`
--
ALTER TABLE `contatos`
  ADD PRIMARY KEY (`idContato`,`Pessoas_idPessoa`,`Cargos_idCargo`,`Setores_idSetor`),
  ADD KEY `fk_Contatos_Pessoas1_idx` (`Pessoas_idPessoa`),
  ADD KEY `fk_Contatos_Cargos1_idx` (`Cargos_idCargo`),
  ADD KEY `fk_Contatos_Setores1_idx` (`Setores_idSetor`);

--
-- Indexes for table `contatoscargos`
--
ALTER TABLE `contatoscargos`
  ADD PRIMARY KEY (`idContatosCargos`);

--
-- Indexes for table `emails`
--
ALTER TABLE `emails`
  ADD PRIMARY KEY (`idEmail`,`Contatos_idContato`),
  ADD KEY `fk_Emails_Contatos1_idx` (`Contatos_idContato`);

--
-- Indexes for table `estados`
--
ALTER TABLE `estados`
  ADD PRIMARY KEY (`idEstado`,`Paises_idPais`),
  ADD KEY `fk_Estados_Paises1_idx` (`Paises_idPais`);

--
-- Indexes for table `paises`
--
ALTER TABLE `paises`
  ADD PRIMARY KEY (`idPais`);

--
-- Indexes for table `pessoas`
--
ALTER TABLE `pessoas`
  ADD PRIMARY KEY (`idPessoa`,`Cidades_idCidade`),
  ADD KEY `fk_Pessoas_Cidades1_idx` (`Cidades_idCidade`);

--
-- Indexes for table `setores`
--
ALTER TABLE `setores`
  ADD PRIMARY KEY (`idSetor`);

--
-- Indexes for table `telefones`
--
ALTER TABLE `telefones`
  ADD PRIMARY KEY (`idTelefone`,`Contatos_idContato`),
  ADD KEY `fk_Telefones_Contatos1_idx` (`Contatos_idContato`);

--
-- AUTO_INCREMENT for dumped tables
--

--
-- AUTO_INCREMENT for table `cargos`
--
ALTER TABLE `cargos`
  MODIFY `idCargo` int(11) NOT NULL AUTO_INCREMENT, AUTO_INCREMENT=2;
--
-- AUTO_INCREMENT for table `cidades`
--
ALTER TABLE `cidades`
  MODIFY `idCidade` int(11) NOT NULL AUTO_INCREMENT, AUTO_INCREMENT=2851;
--
-- AUTO_INCREMENT for table `contatos`
--
ALTER TABLE `contatos`
  MODIFY `idContato` int(11) NOT NULL AUTO_INCREMENT, AUTO_INCREMENT=3;
--
-- AUTO_INCREMENT for table `contatoscargos`
--
ALTER TABLE `contatoscargos`
  MODIFY `idContatosCargos` int(11) NOT NULL AUTO_INCREMENT;
--
-- AUTO_INCREMENT for table `emails`
--
ALTER TABLE `emails`
  MODIFY `idEmail` int(11) NOT NULL AUTO_INCREMENT, AUTO_INCREMENT=2;
--
-- AUTO_INCREMENT for table `estados`
--
ALTER TABLE `estados`
  MODIFY `idEstado` int(11) NOT NULL AUTO_INCREMENT, AUTO_INCREMENT=28;
--
-- AUTO_INCREMENT for table `paises`
--
ALTER TABLE `paises`
  MODIFY `idPais` int(11) NOT NULL AUTO_INCREMENT, AUTO_INCREMENT=583;
--
-- AUTO_INCREMENT for table `pessoas`
--
ALTER TABLE `pessoas`
  MODIFY `idPessoa` int(11) NOT NULL AUTO_INCREMENT, AUTO_INCREMENT=2;
--
-- AUTO_INCREMENT for table `setores`
--
ALTER TABLE `setores`
  MODIFY `idSetor` int(11) NOT NULL AUTO_INCREMENT, AUTO_INCREMENT=2;
--
-- AUTO_INCREMENT for table `telefones`
--
ALTER TABLE `telefones`
  MODIFY `idTelefone` int(11) NOT NULL AUTO_INCREMENT;
--
-- Constraints for dumped tables
--

--
-- Constraints for table `cidades`
--
ALTER TABLE `cidades`
  ADD CONSTRAINT `fk_Cidades_Estados1` FOREIGN KEY (`Estados_idEstado`) REFERENCES `estados` (`idEstado`) ON DELETE NO ACTION ON UPDATE NO ACTION;

--
-- Constraints for table `contatos`
--
ALTER TABLE `contatos`
  ADD CONSTRAINT `fk_Contatos_Cargos1` FOREIGN KEY (`Cargos_idCargo`) REFERENCES `cargos` (`idCargo`) ON DELETE NO ACTION ON UPDATE NO ACTION,
  ADD CONSTRAINT `fk_Contatos_Pessoas1` FOREIGN KEY (`Pessoas_idPessoa`) REFERENCES `pessoas` (`idPessoa`) ON DELETE NO ACTION ON UPDATE NO ACTION,
  ADD CONSTRAINT `fk_Contatos_Setores1` FOREIGN KEY (`Setores_idSetor`) REFERENCES `setores` (`idSetor`) ON DELETE NO ACTION ON UPDATE NO ACTION;

--
-- Constraints for table `emails`
--
ALTER TABLE `emails`
  ADD CONSTRAINT `fk_Emails_Contatos1` FOREIGN KEY (`Contatos_idContato`) REFERENCES `contatos` (`idContato`) ON DELETE NO ACTION ON UPDATE NO ACTION;

--
-- Constraints for table `estados`
--
ALTER TABLE `estados`
  ADD CONSTRAINT `fk_Estados_Paises1` FOREIGN KEY (`Paises_idPais`) REFERENCES `paises` (`idPais`) ON DELETE NO ACTION ON UPDATE NO ACTION;

--
-- Constraints for table `pessoas`
--
ALTER TABLE `pessoas`
  ADD CONSTRAINT `fk_Pessoas_Cidades1` FOREIGN KEY (`Cidades_idCidade`) REFERENCES `cidades` (`idCidade`) ON DELETE NO ACTION ON UPDATE NO ACTION;

--
-- Constraints for table `telefones`
--
ALTER TABLE `telefones`
  ADD CONSTRAINT `fk_Telefones_Contatos1` FOREIGN KEY (`Contatos_idContato`) REFERENCES `contatos` (`idContato`) ON DELETE NO ACTION ON UPDATE NO ACTION;

/*!40101 SET CHARACTER_SET_CLIENT=@OLD_CHARACTER_SET_CLIENT */;
/*!40101 SET CHARACTER_SET_RESULTS=@OLD_CHARACTER_SET_RESULTS */;
/*!40101 SET COLLATION_CONNECTION=@OLD_COLLATION_CONNECTION */;
